program_code,region,model_line,my,term_months,model_code,model_description,lease_cash,mf_tier_1,mf_tier_2,mf_tier_3,mf_tier_4,mf_tier_5,mf_tier_6,mf_tier_7,mf_tier_8,residual_pct
H202,MS,ELANTRA,2026,24,494E2F4S,4dr Sdn SE,1000,0.00196,0.00196,0.0021,0.00224,0.00236,0.00253,0.0028,0.00362,0.65
H202,MS,ELANTRA,2026,24,494G2F4S,4dr Sdn SEL Sport,0,0.00183,0.00183,0.00197,0.00211,0.00223,0.0024,0.00267,0.00362,0.68
H202,MS,ELANTRA,2026,24,494K2F4S,4dr Sdn SEL Sport Premium,0,0.00195,0.00195,0.00209,0.00223,0.00235,0.00252,0.00279,0.00362,0.66
H202,MS,ELANTRA,2026,24,494L2FT5,4dr Sdn N-Line,0,0.00199,0.00199,0.00213,0.00227,0.00239,0.00256,0.00283,0.00362,0.7
H202,MS,ELANTRA,2026,24,494M2F4S,4dr Sdn Limited,0,0.00181,0.00181,0.00195,0.00209,0.00221,0.00238,0.00265,0.00362,0.67
H202,MS,ELANTRA,2026,36,494E2F4S,4dr Sdn SE,0,0.00215,0.00215,0.00233,0.00247,0.00267,0.0028,0.00289,0.00354,0.62
H202,MS,ELANTRA,2026,36,494G2F4S,4dr Sdn SEL Sport,0,0.00209,0.00209,0.00227,0.00241,0.00261,0.00274,0.00283,0.00354,0.61
H202,MS,ELANTRA,2026,36,494K2F4S,4dr Sdn SEL Sport Premium,0,0.00218,0.00218,0.00236,0.0025,0.0027,0.00283,0.00292,0.00354,0.6
H202,MS,ELANTRA,2026,36,494L2FT5,4dr Sdn N-Line,0,0.00264,0.00264,0.00282,0.00296,0.00316,0.00329,0.00338,0.00354,0.62
H202,MS,ELANTRA,2026,36,494M2F4S,4dr Sdn Limited,0,0.00216,0.00216,0.00234,0.00248,0.00268,0.00281,0.0029,0.00354,0.6
H202,MS,ELANTRA,2026,39,494E2F4S,4dr Sdn SE,0,0.00226,0.00226,0.00244,0.00258,0.00278,0.00291,0.00291,0.00354,0.6
H202,MS,ELANTRA,2026,39,494G2F4S,4dr Sdn SEL Sport,0,0.00216,0.00216,0.00234,0.00248,0.00268,0.00281,0.00281,0.00354,0.57
H202,MS,ELANTRA,2026,39,494K2F4S,4dr Sdn SEL Sport Premium,0,0.00219,0.00219,0.00237,0.00251,0.00271,0.00284,0.00284,0.00354,0.54
H202,MS,ELANTRA,2026,39,494L2FT5,4dr Sdn N-Line,0,0.00223,0.00223,0.00241,0.00255,0.00275,0.00288,0.00288,0.00354,0.58
H202,MS,ELANTRA,2026,39,494M2F4S,4dr Sdn Limited,0,0.00221,0.00221,0.00239,0.00253,0.00273,0.00286,0.00286,0.00354,0.56
H202,MS,ELANTRA,2026,48,494E2F4S,4dr Sdn SE,0,0.00269,0.00269,0.00289,0.00306,0.00331,0.00344,0.00356,0.00413,0.49
H202,MS,ELANTRA,2026,48,494G2F4S,4dr Sdn SEL Sport,0,0.00265,0.00265,0.00285,0.00302,0.00327,0.0034,0.00352,0.00413,0.48
H202,MS,ELANTRA,2026,48,494K2F4S,4dr Sdn SEL Sport Premium,0,0.00266,0.00266,0.00286,0.00303,0.00328,0.00341,0.00353,0.00413,0.44
H202,MS,ELANTRA,2026,48,494L2FT5,4dr Sdn N-Line,0,0.00265,0.00265,0.00285,0.00302,0.00327,0.0034,0.00352,0.00413,0.49
H202,MS,ELANTRA,2026,48,494M2F4S,4dr Sdn Limited,0,0.0031,0.0031,0.0033,0.00347,0.00372,0.00385,0.00397,0.00413,0.5
H202,MS,ELANTRA,2025,24,49452FT5,4dr Sdn N-Line,0,0.00193,0.00193,0.00207,0.00221,0.00233,0.0025,0.00277,0.00362,0.7
H202,MS,ELANTRA,2025,24,494E2F4S,4dr Sdn SE,0,0.00046,0.00046,0.0006,0.00074,0.00086,0.00103,0.0013,0.00362,0.64
H202,MS,ELANTRA,2025,24,494G2F4S,4dr Sdn SEL Sport,0,0.00102,0.00102,0.00116,0.0013,0.00142,0.00159,0.00186,0.00362,0.65
H202,MS,ELANTRA,2025,24,494H2F4S,4dr Sdn SEL Convenience,0,0.00112,0.00112,0.00126,0.0014,0.00152,0.00169,0.00196,0.00362,0.64
H202,MS,ELANTRA,2025,24,494J2F4S,4dr Sdn Limited,0,0.00175,0.00175,0.00189,0.00203,0.00215,0.00232,0.00259,0.00362,0.67
H202,MS,ELANTRA,2025,36,49452FT5,4dr Sdn N-Line,0,0.00223,0.00223,0.00241,0.00255,0.00275,0.00288,0.00297,0.00354,0.6
H202,MS,ELANTRA,2025,36,494E2F4S,4dr Sdn SE,0,0.00155,0.00155,0.00173,0.00187,0.00207,0.0022,0.00229,0.00354,0.59
H202,MS,ELANTRA,2025,36,494G2F4S,4dr Sdn SEL Sport,0,0.00184,0.00184,0.00202,0.00216,0.00236,0.00249,0.00258,0.00354,0.6
H202,MS,ELANTRA,2025,36,494H2F4S,4dr Sdn SEL Convenience,0,0.00175,0.00175,0.00193,0.00207,0.00227,0.0024,0.00249,0.00354,0.59
H202,MS,ELANTRA,2025,36,494J2F4S,4dr Sdn Limited,0,0.00224,0.00224,0.00242,0.00256,0.00276,0.00289,0.00298,0.00354,0.61
H202,MS,ELANTRA,2025,39,49452FT5,4dr Sdn N-Line,0,0.00215,0.00215,0.00233,0.00247,0.00267,0.0028,0.0028,0.00354,0.58
H202,MS,ELANTRA,2025,39,494E2F4S,4dr Sdn SE,500,0.00227,0.00227,0.00281,0.00295,0.00315,0.00328,0.00328,0.00354,0.58
H202,MS,ELANTRA,2025,39,494G2F4S,4dr Sdn SEL Sport,0,0.00208,0.00208,0.00226,0.0024,0.0026,0.00273,0.00273,0.00354,0.57
H202,MS,ELANTRA,2025,39,494H2F4S,4dr Sdn SEL Convenience,0,0.00222,0.00222,0.0024,0.00254,0.00274,0.00287,0.00287,0.00354,0.56
H202,MS,ELANTRA,2025,39,494J2F4S,4dr Sdn Limited,0,0.00212,0.00212,0.0023,0.00244,0.00264,0.00277,0.00277,0.00354,0.56
H202,MS,ELANTRA,2025,48,49452FT5,4dr Sdn N-Line,0,0.0027,0.0027,0.0029,0.00307,0.00332,0.00345,0.00357,0.00413,0.5
H202,MS,ELANTRA,2025,48,494E2F4S,4dr Sdn SE,0,0.00261,0.00261,0.00281,0.00298,0.00323,0.00336,0.00348,0.00413,0.49
H202,MS,ELANTRA,2025,48,494G2F4S,4dr Sdn SEL Sport,250,0.00262,0.00262,0.00282,0.00299,0.00324,0.00337,0.00349,0.00413,0.47
H202,MS,ELANTRA,2025,48,494H2F4S,4dr Sdn SEL Convenience,0,0.00261,0.00261,0.00281,0.00298,0.00323,0.00336,0.00348,0.00413,0.46
H202,MS,ELANTRA,2025,48,494J2F4S,4dr Sdn Limited,0,0.00262,0.00262,0.00282,0.00299,0.00324,0.00337,0.00349,0.00413,0.47
H202,MS,ELANTRA HEV,2026,24,494B2FBS,4dr Sdn SEL Sport Hybrid,0,,,0.00126,0.00126,0.0014,0.00154,0.00166,0.00183,
H202,MS,ELANTRA HEV,2026,24,494C2FBS,4dr Sdn Blue Hybrid,500,,,0.00184,0.00184,0.00198,0.00212,0.00224,0.00241,
H202,MS,ELANTRA HEV,2026,24,494D2FBS,4dr Sdn Limited Hybrid,500,,,0.00183,0.00183,0.00197,0.00211,0.00223,0.0024,
H202,MS,ELANTRA HEV,2026,36,494B2FBS,4dr Sdn SEL Sport Hybrid,0,,,0.00274,0.00274,0.00292,0.00306,0.00326,0.00339,
H202,MS,ELANTRA HEV,2026,36,494C2FBS,4dr Sdn Blue Hybrid,0,,,0.00272,0.00272,0.0029,0.00304,0.00324,0.00337,
H202,MS,ELANTRA HEV,2026,36,494D2FBS,4dr Sdn Limited Hybrid,0,,,0.00264,0.00264,0.00282,0.00296,0.00316,0.00329,
H202,MS,ELANTRA HEV,2026,39,494B2FBS,4dr Sdn SEL Sport Hybrid,0,,,0.00274,0.00274,0.00292,0.00306,0.00326,0.00339,
H202,MS,ELANTRA HEV,2026,39,494C2FBS,4dr Sdn Blue Hybrid,0,,,0.00274,0.00274,0.00292,0.00306,0.00326,0.00339,
H202,MS,ELANTRA HEV,2026,39,494D2FBS,4dr Sdn Limited Hybrid,0,,,0.00272,0.00272,0.0029,0.00304,0.00324,0.00337,
H202,MS,ELANTRA HEV,2026,48,494B2FBS,4dr Sdn SEL Sport Hybrid,0,,,0.00314,0.00314,0.00334,0.00351,0.00376,0.00389,
H202,MS,ELANTRA HEV,2026,48,494C2FBS,4dr Sdn Blue Hybrid,0,,,0.00314,0.00314,0.00334,0.00351,0.00376,0.00389,
H202,MS,ELANTRA HEV,2026,48,494D2FBS,4dr Sdn Limited Hybrid,0,,,0.00315,0.00315,0.00335,0.00352,0.00377,0.0039,
H202,MS,ELANTRA HEV,2025,24,494B2FBS,4dr Sdn HEV SEL Sport,1500,,,0.00204,0.00204,0.00218,0.00232,0.00244,0.00261,
H202,MS,ELANTRA HEV,2025,24,494C2FBS,4dr Sdn HEV Blue,1000,,,0.0019,0.0019,0.00204,0.00218,0.0023,0.00247,
H202,MS,ELANTRA HEV,2025,24,494D2FBS,4dr Sdn HEV Limited,1250,,,0.00185,0.00185,0.00199,0.00213,0.00225,0.00242,
H202,MS,ELANTRA HEV,2025,36,494B2FBS,4dr Sdn HEV SEL Sport,250,,,0.00214,0.00214,0.00232,0.00246,0.00266,0.00279,
H202,MS,ELANTRA HEV,2025,36,494C2FBS,4dr Sdn HEV Blue,0,,,0.00225,0.00225,0.00243,0.00257,0.00277,0.0029,
H202,MS,ELANTRA HEV,2025,36,494D2FBS,4dr Sdn HEV Limited,0,,,0.00224,0.00224,0.00242,0.00256,0.00276,0.00289,
H202,MS,ELANTRA HEV,2025,39,494B2FBS,4dr Sdn HEV SEL Sport,0,,,0.00214,0.00214,0.00232,0.00246,0.00266,0.00279,
H202,MS,ELANTRA HEV,2025,39,494C2FBS,4dr Sdn HEV Blue,0,,,0.00226,0.00226,0.00244,0.00258,0.00278,0.00291,
H202,MS,ELANTRA HEV,2025,39,494D2FBS,4dr Sdn HEV Limited,0,,,0.00216,0.00216,0.00234,0.00248,0.00268,0.00281,
H202,MS,ELANTRA HEV,2025,48,494B2FBS,4dr Sdn HEV SEL Sport,0,,,0.00266,0.00266,0.00286,0.00303,0.00328,0.00341,
H202,MS,ELANTRA HEV,2025,48,494C2FBS,4dr Sdn HEV Blue,0,,,0.00263,0.00263,0.00283,0.003,0.00325,0.00338,
H202,MS,ELANTRA HEV,2025,48,494D2FBS,4dr Sdn HEV Limited,0,,,0.00272,0.00272,0.00326,0.00343,0.00368,0.00381,
H202,MS,ELANTRA N,2026,36,4N4A2FT5,4dr Sdn N,0,,,0.00227,0.00263,0.00281,0.00295,0.00315,0.00328,
H202,MS,ELANTRA N,2026,36,4N4A3FT5,4dr Sdn N MT,0,,,0.00227,0.00263,0.00281,0.00295,0.00315,0.00328,
H202,MS,ELANTRA N,2026,39,4N4A2FT5,4dr Sdn N,0,,,0.00227,0.00263,0.00281,0.00295,0.00315,0.00328,
H202,MS,ELANTRA N,2026,39,4N4A3FT5,4dr Sdn N MT,0,,,0.00227,0.00263,0.00281,0.00295,0.00315,0.00328,
H202,MS,ELANTRA N,2026,48,4N4A2FT5,4dr Sdn N,0,,,0.00272,0.00306,0.00326,0.00343,0.00368,0.00381,
H202,MS,ELANTRA N,2026,48,4N4A3FT5,4dr Sdn N MT,0,,,0.00272,0.00306,0.00326,0.00343,0.00368,0.00381,
H202,MS,ELANTRA N,2025,36,4N4A2FT5,4dr N DCT,0,,,0.00227,0.00263,0.00281,0.00295,0.00315,0.00328,
H202,MS,ELANTRA N,2025,36,4N4A3FT5,4dr N MT,0,,,0.00227,0.00263,0.00281,0.00295,0.00315,0.00328,
H202,MS,ELANTRA N,2025,39,4N4A2FT5,4dr N DCT,0,,,0.00227,0.00263,0.00281,0.00295,0.00315,0.00328,
H202,MS,ELANTRA N,2025,39,4N4A3FT5,4dr N MT,0,,,0.00227,0.00263,0.00281,0.00295,0.00315,0.00328,
H202,MS,ELANTRA N,2025,48,4N4A2FT5,4dr N DCT,0,,,0.00272,0.00306,0.00326,0.00343,0.00368,0.00381,
H202,MS,ELANTRA N,2025,48,4N4A3FT5,4dr N MT,0,,,0.00272,0.00306,0.00326,0.00343,0.00368,0.00381,
H202,MS,IONIQ 5,2026,24,51402REZ,IONIQ 5 SE RWD Standard Range,5000,0.00203,0.00203,0.00244,0.00258,0.0027,0.00287,0.00314,0.00362,0.65
H202,MS,IONIQ 5,2026,24,51412AEZ,IONIQ 5 SE AWD,0,0.00041,0.00041,0.00055,0.00069,0.00081,0.00098,0.00125,0.00362,0.74
H202,MS,IONIQ 5,2026,24,51412REZ,IONIQ 5 SE RWD,0,0.00028,0.00028,0.00042,0.00056,0.00068,0.00085,0.00112,0.00362,0.74
H202,MS,IONIQ 5,2026,24,51442AEZ,IONIQ 5 SEL AWD,0,0.00044,0.00044,0.00058,0.00072,0.00084,0.00101,0.00128,0.00362,0.74
H202,MS,IONIQ 5,2026,24,51442REZ,IONIQ 5 SEL RWD,0,0.00008,0.00008,0.00022,0.00036,0.00048,0.00065,0.00092,0.00362,0.73
H202,MS,IONIQ 5,2026,24,51452AEZ,IONIQ 5 XRT AWD,0,0.00049,0.00049,0.00063,0.00077,0.00089,0.00106,0.00133,0.00362,0.74
H202,MS,IONIQ 5,2026,24,51462AEZ,IONIQ 5 Limited AWD,0,0.00021,0.00021,0.00035,0.00049,0.00061,0.00078,0.00105,0.00362,0.73
H202,MS,IONIQ 5,2026,24,51462REZ,IONIQ 5 Limited RWD,0,0.00067,0.00067,0.00081,0.00095,0.00107,0.00124,0.00151,0.00362,0.75
H202,MS,IONIQ 5,2026,24,514C2AEZ,IONIQ 5 XRT AWD w/ Tow Hitch,0,0.00029,0.00029,0.00043,0.00057,0.00069,0.00086,0.00113,0.00362,0.73
H202,MS,IONIQ 5,2026,36,51402REZ,IONIQ 5 SE RWD Standard Range,5500,0.00223,0.00223,0.00241,0.00255,0.00275,0.00288,0.00297,0.00354,0.57
H202,MS,IONIQ 5,2026,36,51412AEZ,IONIQ 5 SE AWD,5250,0.00227,0.00227,0.00281,0.00295,0.00315,0.00328,0.00337,0.00354,0.62
H202,MS,IONIQ 5,2026,36,51412REZ,IONIQ 5 SE RWD,4500,0.00225,0.00225,0.00243,0.00257,0.00277,0.0029,0.00299,0.00354,0.63
H202,MS,IONIQ 5,2026,36,51442AEZ,IONIQ 5 SEL AWD,5750,0.00227,0.00227,0.00281,0.00295,0.00315,0.00328,0.00337,0.00354,0.61
H202,MS,IONIQ 5,2026,36,51442REZ,IONIQ 5 SEL RWD,5000,0.00227,0.00227,0.00281,0.00295,0.00315,0.00328,0.00337,0.00354,0.62
H202,MS,IONIQ 5,2026,36,51452AEZ,IONIQ 5 XRT AWD,250,0.00003,0.00003,0.00021,0.00035,0.00055,0.00068,0.00077,0.00354,0.62
H202,MS,IONIQ 5,2026,36,51462AEZ,IONIQ 5 Limited AWD,250,0.00003,0.00003,0.00021,0.00035,0.00055,0.00068,0.00077,0.00354,0.62
H202,MS,IONIQ 5,2026,36,51462REZ,IONIQ 5 Limited RWD,0,0.00015,0.00015,0.00033,0.00047,0.00067,0.0008,0.00089,0.00354,0.63
H202,MS,IONIQ 5,2026,36,514C2AEZ,IONIQ 5 XRT AWD w/ Tow Hitch,0,0,0,0.00018,0.00032,0.00052,0.00065,0.00074,0.00354,0.62
H202,MS,IONIQ 5,2026,39,51402REZ,IONIQ 5 SE RWD Standard Range,5500,0.00227,0.00227,0.00281,0.00295,0.00315,0.00328,0.00337,0.00354,0.52
H202,MS,IONIQ 5,2026,39,51412AEZ,IONIQ 5 SE AWD,0,0.0001,0.0001,0.00028,0.00042,0.00062,0.00075,0.00084,0.00354,0.58
H202,MS,IONIQ 5,2026,39,51412REZ,IONIQ 5 SE RWD,4250,0.00226,0.00226,0.00244,0.00258,0.00278,0.00291,0.003,0.00354,0.59
H202,MS,IONIQ 5,2026,39,51442AEZ,IONIQ 5 SEL AWD,0,0.00016,0.00016,0.00034,0.00048,0.00068,0.00081,0.0009,0.00354,0.58
H202,MS,IONIQ 5,2026,39,51442REZ,IONIQ 5 SEL RWD,5000,0.00223,0.00223,0.00241,0.00255,0.00275,0.00288,0.00297,0.00354,0.57
H202,MS,IONIQ 5,2026,39,51452AEZ,IONIQ 5 XRT AWD,0,0.00011,0.00011,0.00029,0.00043,0.00063,0.00076,0.00085,0.00354,0.58
H202,MS,IONIQ 5,2026,39,51462AEZ,IONIQ 5 Limited AWD,0,0.0001,0.0001,0.00028,0.00042,0.00062,0.00075,0.00084,0.00354,0.58
H202,MS,IONIQ 5,2026,39,51462REZ,IONIQ 5 Limited RWD,5750,0.00227,0.00227,0.00281,0.00295,0.00315,0.00328,0.00337,0.00354,0.57
H202,MS,IONIQ 5,2026,39,514C2AEZ,IONIQ 5 XRT AWD w/ Tow Hitch,0,0.00034,0.00034,0.00052,0.00066,0.00086,0.00099,0.00108,0.00354,0.59
H202,MS,IONIQ 5,2026,48,51402REZ,IONIQ 5 SE RWD Standard Range,3250,0.00263,0.00263,0.00283,0.003,0.00325,0.00338,0.0035,0.00413,0.53
H202,MS,IONIQ 5,2026,48,51412AEZ,IONIQ 5 SE AWD,3250,0.00245,0.00245,0.00265,0.00282,0.00307,0.0032,0.00332,0.00413,0.56
H202,MS,IONIQ 5,2026,48,51412REZ,IONIQ 5 SE RWD,3250,0.00269,0.00269,0.00289,0.00306,0.00331,0.00344,0.00356,0.00413,0.57
H202,MS,IONIQ 5,2026,48,51442AEZ,IONIQ 5 SEL AWD,3250,0.00244,0.00244,0.00264,0.00281,0.00306,0.00319,0.00331,0.00413,0.56
H202,MS,IONIQ 5,2026,48,51442REZ,IONIQ 5 SEL RWD,4000,0.00272,0.00272,0.00326,0.00343,0.00368,0.00381,0.00393,0.00413,0.55
H202,MS,IONIQ 5,2026,48,51452AEZ,IONIQ 5 XRT AWD,4000,0.00269,0.00269,0.00289,0.00306,0.00331,0.00344,0.00356,0.00413,0.57
H202,MS,IONIQ 5,2026,48,51462AEZ,IONIQ 5 Limited AWD,4750,0.00272,0.00272,0.00326,0.00343,0.00368,0.00381,0.00393,0.00413,0.56
H202,MS,IONIQ 5,2026,48,51462REZ,IONIQ 5 Limited RWD,3250,0.00264,0.00264,0.00284,0.00301,0.00326,0.00339,0.00351,0.00413,0.58
H202,MS,IONIQ 5,2026,48,514C2AEZ,IONIQ 5 XRT AWD w/ Tow Hitch,3750,0.00266,0.00266,0.00286,0.00303,0.00328,0.00341,0.00353,0.00413,0.57
H202,MS,IONIQ 5,2025,24,50402REZ,4dr Wgn SE (Standard Range),12500,0.00026,0.00026,0.0004,0.00054,0.00066,0.00083,0.0011,0.00362,0.51
H202,MS,IONIQ 5,2025,24,50412AEZ,4dr Wgn SE,12500,0.00103,0.00103,0.00117,0.00131,0.00143,0.0016,0.00187,0.00362,0.58
H202,MS,IONIQ 5,2025,24,50412REZ,4dr Wgn SE,12500,0.00035,0.00035,0.00049,0.00063,0.00075,0.00092,0.00119,0.00362,0.55
H202,MS,IONIQ 5,2025,24,50442AEZ,4dr Wgn SEL,12500,0.00077,0.00077,0.00091,0.00105,0.00117,0.00134,0.00161,0.00362,0.58
H202,MS,IONIQ 5,2025,24,50442REZ,4dr Wgn SEL,12500,0.00136,0.00136,0.0015,0.00164,0.00176,0.00193,0.0022,0.00362,0.59
H202,MS,IONIQ 5,2025,24,50452AEZ,4dr Wgn XRT,12500,0.00148,0.00148,0.00162,0.00176,0.00188,0.00205,0.00232,0.00362,0.61
H202,MS,IONIQ 5,2025,24,50462AEZ,4dr Wgn Limited,12500,0.00041,0.00041,0.00055,0.00069,0.00081,0.00098,0.00125,0.00362,0.58
H202,MS,IONIQ 5,2025,24,50462REZ,4dr Wgn Limited,12500,0.00072,0.00072,0.00086,0.001,0.00112,0.00129,0.00156,0.00362,0.58
H202,MS,IONIQ 5,2025,24,504C2AEZ,4dr Wgn XRT w/ Tow Hitch,12500,0.00119,0.00119,0.00133,0.00147,0.00159,0.00176,0.00203,0.00362,0.6
H202,MS,IONIQ 5,2025,24,51402REZ,4dr Wgn SE (Standard Range),12500,0.00026,0.00026,0.0004,0.00054,0.00066,0.00083,0.0011,0.00362,0.51
H202,MS,IONIQ 5,2025,24,51412AEZ,4dr Wgn SE,12500,0.00103,0.00103,0.00117,0.00131,0.00143,0.0016,0.00187,0.00362,0.58
H202,MS,IONIQ 5,2025,24,51412REZ,4dr Wgn SE,12500,0.00035,0.00035,0.00049,0.00063,0.00075,0.00092,0.00119,0.00362,0.55
H202,MS,IONIQ 5,2025,24,51442AEZ,4dr Wgn SEL,12500,0.00077,0.00077,0.00091,0.00105,0.00117,0.00134,0.00161,0.00362,0.58
H202,MS,IONIQ 5,2025,24,51442REZ,4dr Wgn SEL,12500,0.00136,0.00136,0.0015,0.00164,0.00176,0.00193,0.0022,0.00362,0.59
H202,MS,IONIQ 5,2025,24,51452AEZ,4dr Wgn XRT,12500,0.00148,0.00148,0.00162,0.00176,0.00188,0.00205,0.00232,0.00362,0.61
H202,MS,IONIQ 5,2025,24,51462AEZ,4dr Wgn Limited,12500,0.00041,0.00041,0.00055,0.00069,0.00081,0.00098,0.00125,0.00362,0.58
H202,MS,IONIQ 5,2025,24,51462REZ,4dr Wgn Limited,12500,0.00072,0.00072,0.00086,0.001,0.00112,0.00129,0.00156,0.00362,0.58
H202,MS,IONIQ 5,2025,24,514C2AEZ,4dr Wgn XRT w/ Tow Hitch,12500,0.00119,0.00119,0.00133,0.00147,0.00159,0.00176,0.00203,0.00362,0.6
H202,MS,IONIQ 5,2025,36,50402REZ,4dr Wgn SE (Standard Range),15750,0.00233,0.00233,0.00251,0.00265,0.00285,0.00298,0.00307,0.00354,0.44
H202,MS,IONIQ 5,2025,36,50412AEZ,4dr Wgn SE,16500,0.00217,0.00217,0.00235,0.00249,0.00269,0.00282,0.00291,0.00354,0.48
H202,MS,IONIQ 5,2025,36,50412REZ,4dr Wgn SE,15750,0.00223,0.00223,0.00241,0.00255,0.00275,0.00288,0.00297,0.00354,0.49
H202,MS,IONIQ 5,2025,36,50442AEZ,4dr Wgn SEL,15500,0.00215,0.00215,0.00233,0.00247,0.00267,0.0028,0.00289,0.00354,0.51
H202,MS,IONIQ 5,2025,36,50442REZ,4dr Wgn SEL,17000,0.00244,0.00244,0.00262,0.00276,0.00296,0.00309,0.00318,0.00354,0.48
H202,MS,IONIQ 5,2025,36,50452AEZ,4dr Wgn XRT,17000,0.00244,0.00244,0.00262,0.00276,0.00296,0.00309,0.00318,0.00354,0.5
H202,MS,IONIQ 5,2025,36,50462AEZ,4dr Wgn Limited,17750,0.00242,0.00242,0.0026,0.00274,0.00294,0.00307,0.00316,0.00354,0.49
H202,MS,IONIQ 5,2025,36,50462REZ,4dr Wgn Limited,16000,0.00237,0.00237,0.00255,0.00269,0.00289,0.00302,0.00311,0.00354,0.51
H202,MS,IONIQ 5,2025,36,504C2AEZ,4dr Wgn XRT w/ Tow Hitch,16000,0.00245,0.00245,0.00263,0.00277,0.00297,0.0031,0.00319,0.00354,0.52
H202,MS,IONIQ 5,2025,36,51402REZ,4dr Wgn SE (Standard Range),15750,0.00233,0.00233,0.00251,0.00265,0.00285,0.00298,0.00307,0.00354,0.44
H202,MS,IONIQ 5,2025,36,51412AEZ,4dr Wgn SE,16500,0.00217,0.00217,0.00235,0.00249,0.00269,0.00282,0.00291,0.00354,0.48
H202,MS,IONIQ 5,2025,36,51412REZ,4dr Wgn SE,15750,0.00223,0.00223,0.00241,0.00255,0.00275,0.00288,0.00297,0.00354,0.49
H202,MS,IONIQ 5,2025,36,51442AEZ,4dr Wgn SEL,15500,0.00215,0.00215,0.00233,0.00247,0.00267,0.0028,0.00289,0.00354,0.51
H202,MS,IONIQ 5,2025,36,51442REZ,4dr Wgn SEL,17000,0.00244,0.00244,0.00262,0.00276,0.00296,0.00309,0.00318,0.00354,0.48
H202,MS,IONIQ 5,2025,36,51452AEZ,4dr Wgn XRT,17000,0.00244,0.00244,0.00262,0.00276,0.00296,0.00309,0.00318,0.00354,0.5
H202,MS,IONIQ 5,2025,36,51462AEZ,4dr Wgn Limited,17750,0.00242,0.00242,0.0026,0.00274,0.00294,0.00307,0.00316,0.00354,0.49
H202,MS,IONIQ 5,2025,36,51462REZ,4dr Wgn Limited,16000,0.00237,0.00237,0.00255,0.00269,0.00289,0.00302,0.00311,0.00354,0.51
H202,MS,IONIQ 5,2025,36,514C2AEZ,4dr Wgn XRT w/ Tow Hitch,16000,0.00245,0.00245,0.00263,0.00277,0.00297,0.0031,0.00319,0.00354,0.52
H202,MS,IONIQ 5,2025,39,50402REZ,4dr Wgn SE (Standard Range),14000,0.00214,0.00214,0.00232,0.00246,0.00266,0.00279,0.00288,0.00354,0.41
H202,MS,IONIQ 5,2025,39,50412AEZ,4dr Wgn SE,14750,0.00223,0.00223,0.00241,0.00255,0.00275,0.00288,0.00297,0.00354,0.47
H202,MS,IONIQ 5,2025,39,50412REZ,4dr Wgn SE,14750,0.00218,0.00218,0.00236,0.0025,0.0027,0.00283,0.00292,0.00354,0.45
H202,MS,IONIQ 5,2025,39,50442AEZ,4dr Wgn SEL,15500,0.00223,0.00223,0.00241,0.00255,0.00275,0.00288,0.00297,0.00354,0.47
H202,MS,IONIQ 5,2025,39,50442REZ,4dr Wgn SEL,15500,0.00238,0.00238,0.00256,0.0027,0.0029,0.00303,0.00312,0.00354,0.46
H202,MS,IONIQ 5,2025,39,50452AEZ,4dr Wgn XRT,15250,0.00216,0.00216,0.00234,0.00248,0.00268,0.00281,0.0029,0.00354,0.48
H202,MS,IONIQ 5,2025,39,50462AEZ,4dr Wgn Limited,16500,0.00224,0.00224,0.00242,0.00256,0.00276,0.00289,0.00298,0.00354,0.47
H202,MS,IONIQ 5,2025,39,50462REZ,4dr Wgn Limited,16000,0.00244,0.00244,0.00262,0.00276,0.00296,0.00309,0.00318,0.00354,0.47
H202,MS,IONIQ 5,2025,39,504C2AEZ,4dr Wgn XRT w/ Tow Hitch,15250,0.00219,0.00219,0.00237,0.00251,0.00271,0.00284,0.00293,0.00354,0.48
H202,MS,IONIQ 5,2025,39,51402REZ,4dr Wgn SE (Standard Range),14000,0.00214,0.00214,0.00232,0.00246,0.00266,0.00279,0.00288,0.00354,0.41
H202,MS,IONIQ 5,2025,39,51412AEZ,4dr Wgn SE,14750,0.00223,0.00223,0.00241,0.00255,0.00275,0.00288,0.00297,0.00354,0.47
H202,MS,IONIQ 5,2025,39,51412REZ,4dr Wgn SE,14750,0.00218,0.00218,0.00236,0.0025,0.0027,0.00283,0.00292,0.00354,0.45
H202,MS,IONIQ 5,2025,39,51442AEZ,4dr Wgn SEL,15500,0.00223,0.00223,0.00241,0.00255,0.00275,0.00288,0.00297,0.00354,0.47
H202,MS,IONIQ 5,2025,39,51442REZ,4dr Wgn SEL,15500,0.00238,0.00238,0.00256,0.0027,0.0029,0.00303,0.00312,0.00354,0.46
H202,MS,IONIQ 5,2025,39,51452AEZ,4dr Wgn XRT,15250,0.00216,0.00216,0.00234,0.00248,0.00268,0.00281,0.0029,0.00354,0.48
H202,MS,IONIQ 5,2025,39,51462AEZ,4dr Wgn Limited,16500,0.00224,0.00224,0.00242,0.00256,0.00276,0.00289,0.00298,0.00354,0.47
H202,MS,IONIQ 5,2025,39,51462REZ,4dr Wgn Limited,16000,0.00244,0.00244,0.00262,0.00276,0.00296,0.00309,0.00318,0.00354,0.47
H202,MS,IONIQ 5,2025,39,514C2AEZ,4dr Wgn XRT w/ Tow Hitch,15250,0.00219,0.00219,0.00237,0.00251,0.00271,0.00284,0.00293,0.00354,0.48
H202,MS,IONIQ 5,2025,48,50402REZ,4dr Wgn SE (Standard Range),12250,0.00283,0.00283,0.00303,0.0032,0.00345,0.00358,0.0037,0.00413,0.41
H202,MS,IONIQ 5,2025,48,50412AEZ,4dr Wgn SE,12250,0.00287,0.00287,0.00307,0.00324,0.00349,0.00362,0.00374,0.00413,0.45
H202,MS,IONIQ 5,2025,48,50412REZ,4dr Wgn SE,12750,0.00285,0.00285,0.00305,0.00322,0.00347,0.0036,0.00372,0.00413,0.44
H202,MS,IONIQ 5,2025,48,50442AEZ,4dr Wgn SEL,13250,0.00282,0.00282,0.00302,0.00319,0.00344,0.00357,0.00369,0.00413,0.45
H202,MS,IONIQ 5,2025,48,50442REZ,4dr Wgn SEL,13500,0.00285,0.00285,0.00305,0.00322,0.00347,0.0036,0.00372,0.00413,0.45
H202,MS,IONIQ 5,2025,48,50452AEZ,4dr Wgn XRT,13250,0.00285,0.00285,0.00305,0.00322,0.00347,0.0036,0.00372,0.00413,0.45
H202,MS,IONIQ 5,2025,48,50462AEZ,4dr Wgn Limited,12000,0.00282,0.00282,0.00302,0.00319,0.00344,0.00357,0.00369,0.00413,0.46
H202,MS,IONIQ 5,2025,48,50462REZ,4dr Wgn Limited,12500,0.00286,0.00286,0.00306,0.00323,0.00348,0.00361,0.00373,0.00413,0.45
H202,MS,IONIQ 5,2025,48,504C2AEZ,4dr Wgn XRT w/ Tow Hitch,12750,0.00287,0.00287,0.00307,0.00324,0.00349,0.00362,0.00374,0.00413,0.46
H202,MS,IONIQ 5,2025,48,51402REZ,4dr Wgn SE (Standard Range),12250,0.00283,0.00283,0.00303,0.0032,0.00345,0.00358,0.0037,0.00413,0.41
H202,MS,IONIQ 5,2025,48,51412AEZ,4dr Wgn SE,12250,0.00287,0.00287,0.00307,0.00324,0.00349,0.00362,0.00374,0.00413,0.45
H202,MS,IONIQ 5,2025,48,51412REZ,4dr Wgn SE,12750,0.00285,0.00285,0.00305,0.00322,0.00347,0.0036,0.00372,0.00413,0.44
H202,MS,IONIQ 5,2025,48,51442AEZ,4dr Wgn SEL,13250,0.00282,0.00282,0.00302,0.00319,0.00344,0.00357,0.00369,0.00413,0.45
H202,MS,IONIQ 5,2025,48,51442REZ,4dr Wgn SEL,13500,0.00285,0.00285,0.00305,0.00322,0.00347,0.0036,0.00372,0.00413,0.45
H202,MS,IONIQ 5,2025,48,51452AEZ,4dr Wgn XRT,13250,0.00285,0.00285,0.00305,0.00322,0.00347,0.0036,0.00372,0.00413,0.45
H202,MS,IONIQ 5,2025,48,51462AEZ,4dr Wgn Limited,12000,0.00282,0.00282,0.00302,0.00319,0.00344,0.00357,0.00369,0.00413,0.46
H202,MS,IONIQ 5,2025,48,51462REZ,4dr Wgn Limited,12500,0.00286,0.00286,0.00306,0.00323,0.00348,0.00361,0.00373,0.00413,0.45
H202,MS,IONIQ 5,2025,48,514C2AEZ,4dr Wgn XRT w/ Tow Hitch,12750,0.00287,0.00287,0.00307,0.00324,0.00349,0.00362,0.00374,0.00413,0.46
H202,MS,IONIQ 5 N,2025,24,5N4A2AEZ,4dr Wgn N,15000,,,0.00165,0.00165,0.00179,0.00193,0.00205,0.00222,
H202,MS,IONIQ 5 N,2025,36,5N4A2AEZ,4dr Wgn N,15000,,,0.00248,0.00248,0.00266,0.0028,0.003,0.00313,
H202,MS,IONIQ 5 N,2025,39,5N4A2AEZ,4dr Wgn N,13500,,,0.00231,0.00231,0.00249,0.00263,0.00283,0.00296,
H202,MS,IONIQ 5 N,2025,48,5N4A2AEZ,4dr Wgn N,14000,,,0.00285,0.00285,0.00305,0.00322,0.00347,0.0036,
H202,MS,IONIQ 6,2025,24,A0412AEZ,4dr Wgn SE,11750,,,0.00183,0.00183,0.00197,0.00211,0.00223,0.0024,
H202,MS,IONIQ 6,2025,24,A0412REZ,4dr Wgn SE,10500,,,0.00188,0.00188,0.00202,0.00216,0.00228,0.00245,
H202,MS,IONIQ 6,2025,24,A0442AEZ,4dr Wgn SEL,12250,,,0.00189,0.00189,0.00203,0.00217,0.00229,0.00246,
H202,MS,IONIQ 6,2025,24,A0442REZ,4dr Wgn SEL,12500,,,0.00183,0.00183,0.00197,0.00211,0.00223,0.0024,
H202,MS,IONIQ 6,2025,24,A0462AEZ,4dr Wgn Limited,13250,,,0.0022,0.0022,0.00234,0.00248,0.0026,0.00277,
H202,MS,IONIQ 6,2025,24,A0462REZ,4dr Wgn Limited,12750,,,0.0019,0.0019,0.00204,0.00218,0.0023,0.00247,
H202,MS,IONIQ 6,2025,24,A0492REZ,4dr Wgn SE (Standard Range),11000,,,0.00217,0.00217,0.00231,0.00245,0.00257,0.00274,
H202,MS,IONIQ 6,2025,36,A0412AEZ,4dr Wgn SE,12750,,,0.00223,0.00223,0.00241,0.00255,0.00275,0.00288,
H202,MS,IONIQ 6,2025,36,A0412REZ,4dr Wgn SE,12000,,,0.0024,0.0024,0.00258,0.00272,0.00292,0.00305,
H202,MS,IONIQ 6,2025,36,A0442AEZ,4dr Wgn SEL,14250,,,0.00221,0.00221,0.00239,0.00253,0.00273,0.00286,
H202,MS,IONIQ 6,2025,36,A0442REZ,4dr Wgn SEL,13500,,,0.00224,0.00224,0.00242,0.00256,0.00276,0.00289,
H202,MS,IONIQ 6,2025,36,A0462AEZ,4dr Wgn Limited,15500,,,0.00216,0.00216,0.00234,0.00248,0.00268,0.00281,
H202,MS,IONIQ 6,2025,36,A0462REZ,4dr Wgn Limited,15250,,,0.00246,0.00246,0.00264,0.00278,0.00298,0.00311,
H202,MS,IONIQ 6,2025,36,A0492REZ,4dr Wgn SE (Standard Range),12000,,,0.00219,0.00219,0.00237,0.00251,0.00271,0.00284,
H202,MS,IONIQ 6,2025,39,A0412AEZ,4dr Wgn SE,12000,,,0.00238,0.00238,0.00256,0.0027,0.0029,0.00303,
H202,MS,IONIQ 6,2025,39,A0412REZ,4dr Wgn SE,11000,,,0.00258,0.00258,0.00276,0.0029,0.0031,0.00323,
H202,MS,IONIQ 6,2025,39,A0442AEZ,4dr Wgn SEL,14000,,,0.00245,0.00245,0.00263,0.00277,0.00297,0.0031,
H202,MS,IONIQ 6,2025,39,A0442REZ,4dr Wgn SEL,12750,,,0.00239,0.00239,0.00257,0.00271,0.00291,0.00304,
H202,MS,IONIQ 6,2025,39,A0462AEZ,4dr Wgn Limited,15250,,,0.00243,0.00243,0.00261,0.00275,0.00295,0.00308,
H202,MS,IONIQ 6,2025,39,A0462REZ,4dr Wgn Limited,14000,,,0.0024,0.0024,0.00258,0.00272,0.00292,0.00305,
H202,MS,IONIQ 6,2025,39,A0492REZ,4dr Wgn SE (Standard Range),10750,,,0.00238,0.00238,0.00256,0.0027,0.0029,0.00303,
H202,MS,IONIQ 6,2025,48,A0412AEZ,4dr Wgn SE,10000,,,0.00258,0.00258,0.00278,0.00295,0.0032,0.00333,
H202,MS,IONIQ 6,2025,48,A0412REZ,4dr Wgn SE,10000,,,0.00265,0.00265,0.00285,0.00302,0.00327,0.0034,
H202,MS,IONIQ 6,2025,48,A0442AEZ,4dr Wgn SEL,11750,,,0.00288,0.00288,0.00308,0.00325,0.0035,0.00363,
H202,MS,IONIQ 6,2025,48,A0442REZ,4dr Wgn SEL,10750,,,0.0027,0.0027,0.0029,0.00307,0.00332,0.00345,
H202,MS,IONIQ 6,2025,48,A0462AEZ,4dr Wgn Limited,10000,,,0.00287,0.00287,0.00307,0.00324,0.00349,0.00362,
H202,MS,IONIQ 6,2025,48,A0462REZ,4dr Wgn Limited,10000,,,0.00234,0.00234,0.00254,0.00271,0.00296,0.00309,
H202,MS,IONIQ 6,2025,48,A0492REZ,4dr Wgn SE (Standard Range),9250,,,0.00266,0.00266,0.00286,0.00303,0.00328,0.00341,
H202,MS,IONIQ 9,2026,24,74412REZ,S RWD,7500,,,0.00188,0.00188,0.00202,0.00216,0.00228,0.00245,
H202,MS,IONIQ 9,2026,24,74432AEZ,SE AWD,7500,,,0.00154,0.00154,0.00168,0.00182,0.00194,0.00211,
H202,MS,IONIQ 9,2026,24,74452AEZ,SEL AWD,7500,,,0.00147,0.00147,0.00161,0.00175,0.00187,0.00204,
H202,MS,IONIQ 9,2026,24,74472AEZ,Performance Limited AWD,7500,,,0.00156,0.00156,0.0017,0.00184,0.00196,0.00213,
H202,MS,IONIQ 9,2026,24,74492AEZ,Performance Calligraphy AWD,7500,,,0.00162,0.00162,0.00176,0.0019,0.00202,0.00219,
H202,MS,IONIQ 9,2026,36,74412REZ,S RWD,10500,,,0.00212,0.00212,0.0023,0.00244,0.00264,0.00277,
H202,MS,IONIQ 9,2026,36,74432AEZ,SE AWD,12000,,,0.00215,0.00215,0.00233,0.00247,0.00267,0.0028,
H202,MS,IONIQ 9,2026,36,74452AEZ,SEL AWD,12000,,,0.00193,0.00193,0.00211,0.00225,0.00245,0.00258,
H202,MS,IONIQ 9,2026,36,74472AEZ,Performance Limited AWD,12000,,,0.00209,0.00209,0.00227,0.00241,0.00261,0.00274,
H202,MS,IONIQ 9,2026,36,74492AEZ,Performance Calligraphy AWD,12500,,,0.00245,0.00245,0.00263,0.00277,0.00297,0.0031,
H202,MS,IONIQ 9,2026,39,74412REZ,S RWD,10000,,,0.00207,0.00207,0.00225,0.00239,0.00259,0.00272,
H202,MS,IONIQ 9,2026,39,74432AEZ,SE AWD,10000,,,0.00173,0.00173,0.00191,0.00205,0.00225,0.00238,
H202,MS,IONIQ 9,2026,39,74452AEZ,SEL AWD,10000,,,0.00151,0.00151,0.00169,0.00183,0.00203,0.00216,
H202,MS,IONIQ 9,2026,39,74472AEZ,Performance Limited AWD,10000,,,0.00167,0.00167,0.00185,0.00199,0.00219,0.00232,
H202,MS,IONIQ 9,2026,39,74492AEZ,Performance Calligraphy AWD,11000,,,0.00235,0.00235,0.00253,0.00267,0.00287,0.003,
H202,MS,IONIQ 9,2026,48,74412REZ,S RWD,9000,,,0.00254,0.00254,0.00274,0.00291,0.00316,0.00329,
H202,MS,IONIQ 9,2026,48,74432AEZ,SE AWD,9000,,,0.00218,0.00218,0.00238,0.00255,0.0028,0.00293,
H202,MS,IONIQ 9,2026,48,74452AEZ,SEL AWD,9000,,,0.002,0.002,0.0022,0.00237,0.00262,0.00275,
H202,MS,IONIQ 9,2026,48,74472AEZ,Performance Limited AWD,9000,,,0.00217,0.00217,0.00237,0.00254,0.00279,0.00292,
H202,MS,IONIQ 9,2026,48,74492AEZ,Performance Calligraphy AWD,9000,,,0.00261,0.00261,0.00281,0.00298,0.00323,0.00336,
H202,MS,KONA,2026,24,Q1402A45,SE AWD,1000,0.00196,0.00196,0.0021,0.00224,0.00236,0.00253,0.0028,0.00362,0.72
H202,MS,KONA,2026,24,Q1402F45,SE FWD,1000,0.00179,0.00179,0.00193,0.00207,0.00219,0.00236,0.00263,0.00362,0.71
H202,MS,KONA,2026,24,Q1412A45,SEL Sport AWD,500,0.00198,0.00198,0.00212,0.00226,0.00238,0.00255,0.00282,0.00362,0.74
H202,MS,KONA,2026,24,Q1412F45,SEL Sport FWD,1000,0.00202,0.00202,0.00216,0.0023,0.00242,0.00259,0.00286,0.00362,0.72
H202,MS,KONA,2026,24,Q1422AT5,SEL Premium AWD,750,0.00199,0.00199,0.00213,0.00227,0.00239,0.00256,0.00283,0.00362,0.73
H202,MS,KONA,2026,24,Q1422FT5,SEL Premium FWD,750,0.0018,0.0018,0.00194,0.00208,0.0022,0.00237,0.00264,0.00362,0.72
H202,MS,KONA,2026,24,Q1492AT5,Limited AWD,750,0.00202,0.00202,0.00216,0.0023,0.00242,0.00259,0.00286,0.00362,0.74
H202,MS,KONA,2026,24,Q1492FT5,Limited FWD,750,0.00182,0.00182,0.00196,0.0021,0.00222,0.00239,0.00266,0.00362,0.73
H202,MS,KONA,2026,36,Q1402A45,SE AWD,750,0.00223,0.00223,0.00241,0.00255,0.00275,0.00288,0.00297,0.00354,0.66
H202,MS,KONA,2026,36,Q1402F45,SE FWD,1500,0.00228,0.00228,0.00246,0.0026,0.0028,0.00293,0.00302,0.00354,0.63
H202,MS,KONA,2026,36,Q1412A45,SEL Sport AWD,1500,0.00228,0.00228,0.00246,0.0026,0.0028,0.00293,0.00302,0.00354,0.63
H202,MS,KONA,2026,36,Q1412F45,SEL Sport FWD,1000,0.00212,0.00212,0.0023,0.00244,0.00264,0.00277,0.00286,0.00354,0.64
H202,MS,KONA,2026,36,Q1422AT5,SEL Premium AWD,500,0.00223,0.00223,0.00241,0.00255,0.00275,0.00288,0.00297,0.00354,0.66
H202,MS,KONA,2026,36,Q1422FT5,SEL Premium FWD,500,0.00223,0.00223,0.00241,0.00255,0.00275,0.00288,0.00297,0.00354,0.66
H202,MS,KONA,2026,36,Q1492AT5,Limited AWD,500,0.00215,0.00215,0.00233,0.00247,0.00267,0.0028,0.00289,0.00354,0.66
H202,MS,KONA,2026,36,Q1492FT5,Limited FWD,250,0.00217,0.00217,0.00235,0.00249,0.00269,0.00282,0.00291,0.00354,0.67
H202,MS,KONA,2026,39,Q1402A45,SE AWD,500,0.0022,0.0022,0.00238,0.00252,0.00272,0.00285,0.00294,0.00354,0.62
H202,MS,KONA,2026,39,Q1402F45,SE FWD,1250,0.00226,0.00226,0.00244,0.00258,0.00278,0.00291,0.003,0.00354,0.59
H202,MS,KONA,2026,39,Q1412A45,SEL Sport AWD,250,0.00224,0.00224,0.00242,0.00256,0.00276,0.00289,0.00298,0.00354,0.63
H202,MS,KONA,2026,39,Q1412F45,SEL Sport FWD,1000,0.00227,0.00227,0.00281,0.00295,0.00315,0.00328,0.00337,0.00354,0.6
H202,MS,KONA,2026,39,Q1422AT5,SEL Premium AWD,0,0.00223,0.00223,0.00241,0.00255,0.00275,0.00288,0.00297,0.00354,0.62
H202,MS,KONA,2026,39,Q1422FT5,SEL Premium FWD,250,0.00219,0.00219,0.00237,0.00251,0.00271,0.00284,0.00293,0.00354,0.62
H202,MS,KONA,2026,39,Q1492AT5,Limited AWD,750,0.00217,0.00217,0.00235,0.00249,0.00269,0.00282,0.00291,0.00354,0.61
H202,MS,KONA,2026,39,Q1492FT5,Limited FWD,0,0.00225,0.00225,0.00243,0.00257,0.00277,0.0029,0.00299,0.00354,0.64
H202,MS,KONA,2026,48,Q1402A45,SE AWD,500,0.00262,0.00262,0.00282,0.00299,0.00324,0.00337,0.00349,0.00413,0.55
H202,MS,KONA,2026,48,Q1402F45,SE FWD,1250,0.00272,0.00272,0.00326,0.00343,0.00368,0.00381,0.00393,0.00413,0.5
H202,MS,KONA,2026,48,Q1412A45,SEL Sport AWD,500,0.00266,0.00266,0.00286,0.00303,0.00328,0.00341,0.00353,0.00413,0.55
H202,MS,KONA,2026,48,Q1412F45,SEL Sport FWD,1000,0.00272,0.00272,0.00326,0.00343,0.00368,0.00381,0.00393,0.00413,0.53
H202,MS,KONA,2026,48,Q1422AT5,SEL Premium AWD,500,0.00271,0.00271,0.00291,0.00308,0.00333,0.00346,0.00358,0.00413,0.53
H202,MS,KONA,2026,48,Q1422FT5,SEL Premium FWD,500,0.00264,0.00264,0.00284,0.00301,0.00326,0.00339,0.00351,0.00413,0.54
H202,MS,KONA,2026,48,Q1492AT5,Limited AWD,500,0.00267,0.00267,0.00287,0.00304,0.00329,0.00342,0.00354,0.00413,0.54
H202,MS,KONA,2026,48,Q1492FT5,Limited FWD,750,0.00269,0.00269,0.00289,0.00306,0.00331,0.00344,0.00356,0.00413,0.53
H202,MS,KONA EV,2025,24,Q14A2FEZ,4dr Wgn SE (new),0,0.00244,0.00244,0.00258,0.00272,0.00284,0.00301,0.00328,0.00362,0.46
H202,MS,KONA EV,2025,24,Q14D2FEZ,4dr Wgn SEL,0,0.00244,0.00244,0.00258,0.00272,0.00284,0.00301,0.00328,0.00362,0.54
H202,MS,KONA EV,2025,24,Q14F2FEZ,4dr Wgn N Line,0,0.00244,0.00244,0.00258,0.00272,0.00284,0.00301,0.00328,0.00362,0.54
H202,MS,KONA EV,2025,24,Q14G2FEZ,4dr Wgn Limited,0,0.00244,0.00244,0.00258,0.00272,0.00284,0.00301,0.00328,0.00362,0.55
H202,MS,KONA EV,2025,36,Q14A2FEZ,4dr Wgn SE (new),0,0.00227,0.00263,0.00281,0.00295,0.00315,0.00328,0.00337,0.00354,0.4
H202,MS,KONA EV,2025,36,Q14D2FEZ,4dr Wgn SEL,0,0.00227,0.00263,0.00281,0.00295,0.00315,0.00328,0.00337,0.00354,0.46
H202,MS,KONA EV,2025,36,Q14F2FEZ,4dr Wgn N Line,0,0.00227,0.00263,0.00281,0.00295,0.00315,0.00328,0.00337,0.00354,0.46
H202,MS,KONA EV,2025,36,Q14G2FEZ,4dr Wgn Limited,0,0.00227,0.00263,0.00281,0.00295,0.00315,0.00328,0.00337,0.00354,0.48
H202,MS,KONA EV,2025,39,Q14A2FEZ,4dr Wgn SE (new),0,0.00227,0.00263,0.00281,0.00295,0.00315,0.00328,0.00337,0.00354,0.37
H202,MS,KONA EV,2025,39,Q14D2FEZ,4dr Wgn SEL,0,0.00227,0.00263,0.00281,0.00295,0.00315,0.00328,0.00337,0.00354,0.43
H202,MS,KONA EV,2025,39,Q14F2FEZ,4dr Wgn N Line,0,0.00227,0.00263,0.00281,0.00295,0.00315,0.00328,0.00337,0.00354,0.43
H202,MS,KONA EV,2025,39,Q14G2FEZ,4dr Wgn Limited,0,0.00227,0.00263,0.00281,0.00295,0.00315,0.00328,0.00337,0.00354,0.45
H202,MS,KONA EV,2025,48,Q14A2FEZ,4dr Wgn SE (new),0,0.00272,0.00306,0.00326,0.00343,0.00368,0.00381,0.00393,0.00413,0.31
H202,MS,KONA EV,2025,48,Q14D2FEZ,4dr Wgn SEL,0,0.00272,0.00306,0.00326,0.00343,0.00368,0.00381,0.00393,0.00413,0.38
H202,MS,KONA EV,2025,48,Q14F2FEZ,4dr Wgn N Line,0,0.00272,0.00306,0.00326,0.00343,0.00368,0.00381,0.00393,0.00413,0.38
H202,MS,KONA EV,2025,48,Q14G2FEZ,4dr Wgn Limited,0,0.00272,0.00306,0.00326,0.00343,0.00368,0.00381,0.00393,0.00413,0.39
H202,MS,PALISADE,2026,24,J2412A65,SE,0,,,0.0018,0.0018,0.00194,0.00208,0.0022,0.00237,
H202,MS,PALISADE,2026,24,J2412F65,SE,0,,,0.00206,0.00206,0.0022,0.00234,0.00246,0.00263,
H202,MS,PALISADE,2026,24,J2422A65,SEL Convenience,0,,,0.00204,0.00204,0.00218,0.00232,0.00244,0.00261,
H202,MS,PALISADE,2026,24,J2422F65,SEL Convenience,250,,,0.002,0.002,0.00214,0.00228,0.0024,0.00257,
H202,MS,PALISADE,2026,24,J2432A65,SEL Premiumi 7P,0,,,0.00197,0.00197,0.00211,0.00225,0.00237,0.00254,
H202,MS,PALISADE,2026,24,J2432F65,SEL Premiumi 7P,500,,,0.00233,0.00233,0.00247,0.00261,0.00273,0.0029,
H202,MS,PALISADE,2026,24,J2442A65,SEL 7P,0,,,0.00206,0.00206,0.0022,0.00234,0.00246,0.00263,
H202,MS,PALISADE,2026,24,J2442F65,SEL 7P,0,,,0.00211,0.00211,0.00225,0.00239,0.00251,0.00268,
H202,MS,PALISADE,2026,24,J2452A65,XRT PRO,0,,,0.00197,0.00197,0.00211,0.00225,0.00237,0.00254,
H202,MS,PALISADE,2026,24,J2462A65,SEL 8P,0,,,0.00198,0.00198,0.00212,0.00226,0.00238,0.00255,
H202,MS,PALISADE,2026,24,J2462F65,SEL 8P,0,,,0.00181,0.00181,0.00195,0.00209,0.00221,0.00238,
H202,MS,PALISADE,2026,24,J2472A65,Limited,250,,,0.00186,0.00186,0.002,0.00214,0.00226,0.00243,
H202,MS,PALISADE,2026,24,J2472F65,Limited,250,,,0.00193,0.00193,0.00207,0.00221,0.00233,0.0025,
H202,MS,PALISADE,2026,24,J2482A65,SEL Premiumi 8P,0,,,0.00215,0.00215,0.00229,0.00243,0.00255,0.00272,
H202,MS,PALISADE,2026,24,J2482F65,SEL Premiumi 8P,0,,,0.00201,0.00201,0.00215,0.00229,0.00241,0.00258,
H202,MS,PALISADE,2026,24,J2492A65,Calligraphy,0,,,0.00167,0.00167,0.00181,0.00195,0.00207,0.00224,
H202,MS,PALISADE,2026,24,J2492F65,Calligraphy,0,,,0.00199,0.00199,0.00213,0.00227,0.00239,0.00256,
H202,MS,PALISADE,2026,36,J2412A65,SE,0,,,0.00217,0.00217,0.00235,0.00249,0.00269,0.00282,
H202,MS,PALISADE,2026,36,J2412F65,SE,0,,,0.00225,0.00225,0.00243,0.00257,0.00277,0.0029,
H202,MS,PALISADE,2026,36,J2422A65,SEL Convenience,0,,,0.0023,0.0023,0.00248,0.00262,0.00282,0.00295,
H202,MS,PALISADE,2026,36,J2422F65,SEL Convenience,0,,,0.00222,0.00222,0.0024,0.00254,0.00274,0.00287,
H202,MS,PALISADE,2026,36,J2432A65,SEL Premiumi 7P,0,,,0.00224,0.00224,0.00242,0.00256,0.00276,0.00289,
H202,MS,PALISADE,2026,36,J2432F65,SEL Premiumi 7P,0,,,0.00231,0.00231,0.00249,0.00263,0.00283,0.00296,
H202,MS,PALISADE,2026,36,J2442A65,SEL 7P,250,,,0.00228,0.00228,0.00246,0.0026,0.0028,0.00293,
H202,MS,PALISADE,2026,36,J2442F65,SEL 7P,0,,,0.00224,0.00224,0.00242,0.00256,0.00276,0.00289,
H202,MS,PALISADE,2026,36,J2452A65,XRT PRO,0,,,0.00232,0.00232,0.0025,0.00264,0.00284,0.00297,
H202,MS,PALISADE,2026,36,J2462A65,SEL 8P,250,,,0.00228,0.00228,0.00246,0.0026,0.0028,0.00293,
H202,MS,PALISADE,2026,36,J2462F65,SEL 8P,0,,,0.00224,0.00224,0.00242,0.00256,0.00276,0.00289,
H202,MS,PALISADE,2026,36,J2472A65,Limited,0,,,0.00227,0.00227,0.00281,0.00295,0.00315,0.00328,
H202,MS,PALISADE,2026,36,J2472F65,Limited,250,,,0.00227,0.00227,0.00281,0.00295,0.00315,0.00328,
H202,MS,PALISADE,2026,36,J2482A65,SEL Premiumi 8P,0,,,0.00224,0.00224,0.00242,0.00256,0.00276,0.00289,
H202,MS,PALISADE,2026,36,J2482F65,SEL Premiumi 8P,0,,,0.00231,0.00231,0.00249,0.00263,0.00283,0.00296,
H202,MS,PALISADE,2026,36,J2492A65,Calligraphy,0,,,0.0021,0.0021,0.00228,0.00242,0.00262,0.00275,
H202,MS,PALISADE,2026,36,J2492F65,Calligraphy,1750,,,0.00227,0.00227,0.00281,0.00295,0.00315,0.00328,
H202,MS,PALISADE,2026,39,J2412A65,SE,1000,,,0.00248,0.00248,0.00266,0.0028,0.003,0.00313,
H202,MS,PALISADE,2026,39,J2412F65,SE,750,,,0.00249,0.00249,0.00267,0.00281,0.00301,0.00314,
H202,MS,PALISADE,2026,39,J2422A65,SEL Convenience,0,,,0.00223,0.00223,0.00241,0.00255,0.00275,0.00288,
H202,MS,PALISADE,2026,39,J2422F65,SEL Convenience,0,,,0.00202,0.00202,0.0022,0.00234,0.00254,0.00267,
H202,MS,PALISADE,2026,39,J2432A65,SEL Premiumi 7P,0,,,0.00225,0.00225,0.00243,0.00257,0.00277,0.0029,
H202,MS,PALISADE,2026,39,J2432F65,SEL Premiumi 7P,0,,,0.00219,0.00219,0.00237,0.00251,0.00271,0.00284,
H202,MS,PALISADE,2026,39,J2442A65,SEL 7P,0,,,0.00228,0.00228,0.00246,0.0026,0.0028,0.00293,
H202,MS,PALISADE,2026,39,J2442F65,SEL 7P,0,,,0.00223,0.00223,0.00241,0.00255,0.00275,0.00288,
H202,MS,PALISADE,2026,39,J2452A65,XRT PRO,0,,,0.00226,0.00226,0.00244,0.00258,0.00278,0.00291,
H202,MS,PALISADE,2026,39,J2462A65,SEL 8P,0,,,0.00237,0.00237,0.00255,0.00269,0.00289,0.00302,
H202,MS,PALISADE,2026,39,J2462F65,SEL 8P,0,,,0.00232,0.00232,0.0025,0.00264,0.00284,0.00297,
H202,MS,PALISADE,2026,39,J2472A65,Limited,0,,,0.00219,0.00219,0.00237,0.00251,0.00271,0.00284,
H202,MS,PALISADE,2026,39,J2472F65,Limited,500,,,0.00227,0.00227,0.00281,0.00295,0.00315,0.00328,
H202,MS,PALISADE,2026,39,J2482A65,SEL Premiumi 8P,0,,,0.00216,0.00216,0.00234,0.00248,0.00268,0.00281,
H202,MS,PALISADE,2026,39,J2482F65,SEL Premiumi 8P,0,,,0.00215,0.00215,0.00233,0.00247,0.00267,0.0028,
H202,MS,PALISADE,2026,39,J2492A65,Calligraphy,500,,,0.00216,0.00216,0.00234,0.00248,0.00268,0.00281,
H202,MS,PALISADE,2026,39,J2492F65,Calligraphy,0,,,0.00222,0.00222,0.0024,0.00254,0.00274,0.00287,
H202,MS,PALISADE,2026,48,J2412A65,SE,0,,,0.00239,0.00239,0.00259,0.00276,0.00301,0.00314,
H202,MS,PALISADE,2026,48,J2412F65,SE,0,,,0.00239,0.00239,0.00259,0.00276,0.00301,0.00314,
H202,MS,PALISADE,2026,48,J2422A65,SEL Convenience,0,,,0.00262,0.00262,0.00282,0.00299,0.00324,0.00337,
H202,MS,PALISADE,2026,48,J2422F65,SEL Convenience,250,,,0.0027,0.0027,0.0029,0.00307,0.00332,0.00345,
H202,MS,PALISADE,2026,48,J2432A65,SEL Premiumi 7P,0,,,0.00262,0.00262,0.00282,0.00299,0.00324,0.00337,
H202,MS,PALISADE,2026,48,J2432F65,SEL Premiumi 7P,250,,,0.0027,0.0027,0.0029,0.00307,0.00332,0.00345,
H202,MS,PALISADE,2026,48,J2442A65,SEL 7P,250,,,0.00266,0.00266,0.00286,0.00303,0.00328,0.00341,
H202,MS,PALISADE,2026,48,J2442F65,SEL 7P,0,,,0.00269,0.00269,0.00289,0.00306,0.00331,0.00344,
H202,MS,PALISADE,2026,48,J2452A65,XRT PRO,250,,,0.00262,0.00262,0.00282,0.00299,0.00324,0.00337,
H202,MS,PALISADE,2026,48,J2462A65,SEL 8P,250,,,0.00261,0.00261,0.00281,0.00298,0.00323,0.00336,
H202,MS,PALISADE,2026,48,J2462F65,SEL 8P,0,,,0.00264,0.00264,0.00284,0.00301,0.00326,0.00339,
H202,MS,PALISADE,2026,48,J2472A65,Limited,0,,,0.0027,0.0027,0.0029,0.00307,0.00332,0.00345,
H202,MS,PALISADE,2026,48,J2472F65,Limited,1000,,,0.00271,0.00271,0.00291,0.00308,0.00333,0.00346,
H202,MS,PALISADE,2026,48,J2482A65,SEL Premiumi 8P,0,,,0.0026,0.0026,0.0028,0.00297,0.00322,0.00335,
H202,MS,PALISADE,2026,48,J2482F65,SEL Premiumi 8P,0,,,0.00271,0.00271,0.00291,0.00308,0.00333,0.00346,
H202,MS,PALISADE,2026,48,J2492A65,Calligraphy,1250,,,0.00275,0.00275,0.00295,0.00312,0.00337,0.0035,
H202,MS,PALISADE,2026,48,J2492F65,Calligraphy,1500,,,0.00266,0.00266,0.00286,0.00303,0.00328,0.00341,
H202,MS,PALISADE,2025,24,J1412A65,4dr Wgn SE,2250,,,0.00204,0.00204,0.00218,0.00232,0.00244,0.00261,
H202,MS,PALISADE,2025,24,J1412F65,4dr Wgn SE,2500,,,0.00189,0.00189,0.00203,0.00217,0.00229,0.00246,
H202,MS,PALISADE,2025,24,J1432A65,4dr Wgn SEL Premium,0,,,0.00072,0.00072,0.00086,0.001,0.00112,0.00129,
H202,MS,PALISADE,2025,24,J1432F65,4dr Wgn SEL Premium,0,,,0.0007,0.0007,0.00084,0.00098,0.0011,0.00127,
H202,MS,PALISADE,2025,24,J1442A65,4dr Wgn SEL,0,,,0.00037,0.00037,0.00051,0.00065,0.00077,0.00094,
H202,MS,PALISADE,2025,24,J1442F65,4dr Wgn SEL,3250,,,0.00203,0.00203,0.00244,0.00258,0.0027,0.00287,
H202,MS,PALISADE,2025,24,J1462A65,4dr Wgn Limited,0,,,0.0008,0.0008,0.00094,0.00108,0.0012,0.00137,
H202,MS,PALISADE,2025,24,J1462F65,4dr Wgn Limited,2750,,,0.00204,0.00204,0.00218,0.00232,0.00244,0.00261,
H202,MS,PALISADE,2025,24,J1472A65,4dr Wgn Calligraphy,0,,,0.00087,0.00087,0.00101,0.00115,0.00127,0.00144,
H202,MS,PALISADE,2025,24,J1472F65,4dr Wgn Calligraphy,250,,,0.00097,0.00097,0.00111,0.00125,0.00137,0.00154,
H202,MS,PALISADE,2025,24,J1482A65,4dr XRT,0,,,0.00073,0.00073,0.00087,0.00101,0.00113,0.0013,
H202,MS,PALISADE,2025,24,J1482F65,4dr XRT,0,,,0.00046,0.00046,0.0006,0.00074,0.00086,0.00103,
H202,MS,PALISADE,2025,24,J1492A65,4dr Wgn Calligraphy Night,0,,,0.00111,0.00111,0.00125,0.00139,0.00151,0.00168,
H202,MS,PALISADE,2025,36,J1412A65,4dr Wgn SE,1250,,,0.00227,0.00227,0.00281,0.00295,0.00315,0.00328,
H202,MS,PALISADE,2025,36,J1412F65,4dr Wgn SE,3000,,,0.00227,0.00227,0.00281,0.00295,0.00315,0.00328,
H202,MS,PALISADE,2025,36,J1432A65,4dr Wgn SEL Premium,2500,,,0.00227,0.00227,0.00281,0.00295,0.00315,0.00328,
H202,MS,PALISADE,2025,36,J1432F65,4dr Wgn SEL Premium,1500,,,0.00227,0.00227,0.00281,0.00295,0.00315,0.00328,
H202,MS,PALISADE,2025,36,J1442A65,4dr Wgn SEL,2250,,,0.00227,0.00227,0.00281,0.00295,0.00315,0.00328,
H202,MS,PALISADE,2025,36,J1442F65,4dr Wgn SEL,3250,,,0.00223,0.00223,0.00241,0.00255,0.00275,0.00288,
H202,MS,PALISADE,2025,36,J1462A65,4dr Wgn Limited,3250,,,0.00227,0.00227,0.00281,0.00295,0.00315,0.00328,
H202,MS,PALISADE,2025,36,J1462F65,4dr Wgn Limited,0,,,0.00131,0.00131,0.00149,0.00163,0.00183,0.00196,
H202,MS,PALISADE,2025,36,J1472A65,4dr Wgn Calligraphy,250,,,0.00157,0.00157,0.00175,0.00189,0.00209,0.00222,
H202,MS,PALISADE,2025,36,J1472F65,4dr Wgn Calligraphy,3250,,,0.00227,0.00227,0.00281,0.00295,0.00315,0.00328,
H202,MS,PALISADE,2025,36,J1482A65,4dr XRT,1000,,,0.00227,0.00227,0.00281,0.00295,0.00315,0.00328,
H202,MS,PALISADE,2025,36,J1482F65,4dr XRT,2500,,,0.00223,0.00223,0.00241,0.00255,0.00275,0.00288,
H202,MS,PALISADE,2025,36,J1492A65,4dr Wgn Calligraphy Night,0,,,0.0017,0.0017,0.00188,0.00202,0.00222,0.00235,
H202,MS,PALISADE,2025,39,J1412A65,4dr Wgn SE,1750,,,0.00218,0.00218,0.00236,0.0025,0.0027,0.00283,
H202,MS,PALISADE,2025,39,J1412F65,4dr Wgn SE,2500,,,0.00221,0.00221,0.00239,0.00253,0.00273,0.00286,
H202,MS,PALISADE,2025,39,J1432A65,4dr Wgn SEL Premium,2250,,,0.00228,0.00228,0.00246,0.0026,0.0028,0.00293,
H202,MS,PALISADE,2025,39,J1432F65,4dr Wgn SEL Premium,250,,,0.00161,0.00161,0.00179,0.00193,0.00213,0.00226,
H202,MS,PALISADE,2025,39,J1442A65,4dr Wgn SEL,1500,,,0.00208,0.00208,0.00226,0.0024,0.0026,0.00273,
H202,MS,PALISADE,2025,39,J1442F65,4dr Wgn SEL,2000,,,0.00213,0.00213,0.00231,0.00245,0.00265,0.00278,
H202,MS,PALISADE,2025,39,J1462A65,4dr Wgn Limited,2750,,,0.00227,0.00227,0.00281,0.00295,0.00315,0.00328,
H202,MS,PALISADE,2025,39,J1462F65,4dr Wgn Limited,2250,,,0.00222,0.00222,0.0024,0.00254,0.00274,0.00287,
H202,MS,PALISADE,2025,39,J1472A65,4dr Wgn Calligraphy,2750,,,0.00228,0.00228,0.00246,0.0026,0.0028,0.00293,
H202,MS,PALISADE,2025,39,J1472F65,4dr Wgn Calligraphy,0,,,0.0003,0.0003,0.00048,0.00062,0.00082,0.00095,
H202,MS,PALISADE,2025,39,J1482A65,4dr XRT,2500,,,0.00225,0.00225,0.00243,0.00257,0.00277,0.0029,
H202,MS,PALISADE,2025,39,J1482F65,4dr XRT,2250,,,0.00213,0.00213,0.00231,0.00245,0.00265,0.00278,
H202,MS,PALISADE,2025,39,J1492A65,4dr Wgn Calligraphy Night,0,,,0.00156,0.00156,0.00174,0.00188,0.00208,0.00221,
H202,MS,PALISADE,2025,48,J1412A65,4dr Wgn SE,0,,,0.00077,0.00077,0.00097,0.00114,0.00139,0.00152,
H202,MS,PALISADE,2025,48,J1412F65,4dr Wgn SE,0,,,0.00058,0.00058,0.00078,0.00095,0.0012,0.00133,
H202,MS,PALISADE,2025,48,J1432A65,4dr Wgn SEL Premium,2250,,,0.00272,0.00272,0.00326,0.00343,0.00368,0.00381,
H202,MS,PALISADE,2025,48,J1432F65,4dr Wgn SEL Premium,1500,,,0.0027,0.0027,0.0029,0.00307,0.00332,0.00345,
H202,MS,PALISADE,2025,48,J1442A65,4dr Wgn SEL,1250,,,0.00268,0.00268,0.00288,0.00305,0.0033,0.00343,
H202,MS,PALISADE,2025,48,J1442F65,4dr Wgn SEL,0,,,0.00081,0.00081,0.00101,0.00118,0.00143,0.00156,
H202,MS,PALISADE,2025,48,J1462A65,4dr Wgn Limited,0,,,0.00108,0.00108,0.00128,0.00145,0.0017,0.00183,
H202,MS,PALISADE,2025,48,J1462F65,4dr Wgn Limited,2250,,,0.00273,0.00273,0.00293,0.0031,0.00335,0.00348,
H202,MS,PALISADE,2025,48,J1472A65,4dr Wgn Calligraphy,2000,,,0.00271,0.00271,0.00291,0.00308,0.00333,0.00346,
H202,MS,PALISADE,2025,48,J1472F65,4dr Wgn Calligraphy,1250,,,0.00273,0.00273,0.00293,0.0031,0.00335,0.00348,
H202,MS,PALISADE,2025,48,J1482A65,4dr XRT,750,,,0.00273,0.00273,0.00293,0.0031,0.00335,0.00348,
H202,MS,PALISADE,2025,48,J1482F65,4dr XRT,0,,,0.00083,0.00083,0.00103,0.0012,0.00145,0.00158,
H202,MS,PALISADE,2025,48,J1492A65,4dr Wgn Calligraphy Night,0,,,0.00128,0.00128,0.00148,0.00165,0.0019,0.00203,
H202,MS,PALISADE HEV,2026,24,J24A2A4T,Hybrid SEL 7P,0,,,0.00203,0.0023,0.00244,0.00258,0.0027,0.00287,
H202,MS,PALISADE HEV,2026,24,J24A2F4T,Hybrid Blue SEL 7P,0,,,0.00203,0.0023,0.00244,0.00258,0.0027,0.00287,
H202,MS,PALISADE HEV,2026,24,J24B2A4T,Hybrid SEL 8 P,0,,,0.00203,0.0023,0.00244,0.00258,0.0027,0.00287,
H202,MS,PALISADE HEV,2026,24,J24B2F4T,Hybrid Blue SEL 8 P,0,,,0.00203,0.0023,0.00244,0.00258,0.0027,0.00287,
H202,MS,PALISADE HEV,2026,24,J24C2A4T,Hybrid SEL Premium 7P,0,,,0.00203,0.0023,0.00244,0.00258,0.0027,0.00287,
H202,MS,PALISADE HEV,2026,24,J24C2F4T,Hybrid Blue SEL Premium 7P,0,,,0.00203,0.0023,0.00244,0.00258,0.0027,0.00287,
H202,MS,PALISADE HEV,2026,24,J24D2A4T,Hybrid SEL Premium 8P,0,,,0.00203,0.0023,0.00244,0.00258,0.0027,0.00287,
H202,MS,PALISADE HEV,2026,24,J24D2F4T,Hybrid Blue SEL Premium 8P,0,,,0.00203,0.0023,0.00244,0.00258,0.0027,0.00287,
H202,MS,PALISADE HEV,2026,24,J24G2A4T,Hybrid Limited,0,,,0.00203,0.0023,0.00244,0.00258,0.0027,0.00287,
H202,MS,PALISADE HEV,2026,24,J24G2F4T,Hybrid Limited,0,,,0.00203,0.0023,0.00244,0.00258,0.0027,0.00287,
H202,MS,PALISADE HEV,2026,24,J24H2A4T,Hybrid Calligraphy,0,,,0.00203,0.0023,0.00244,0.00258,0.0027,0.00287,
H202,MS,PALISADE HEV,2026,24,J24H2F4T,Hybrid Calligraphy,0,,,0.00203,0.0023,0.00244,0.00258,0.0027,0.00287,
H202,MS,PALISADE HEV,2026,36,J24A2A4T,Hybrid SEL 7P,0,,,0.00269,0.00269,0.00287,0.00301,0.00321,0.00334,
H202,MS,PALISADE HEV,2026,36,J24A2F4T,Hybrid Blue SEL 7P,0,,,0.0023,0.0023,0.00248,0.00262,0.00282,0.00295,
H202,MS,PALISADE HEV,2026,36,J24B2A4T,Hybrid SEL 8 P,0,,,0.00269,0.00269,0.00287,0.00301,0.00321,0.00334,
H202,MS,PALISADE HEV,2026,36,J24B2F4T,Hybrid Blue SEL 8 P,0,,,0.0023,0.0023,0.00248,0.00262,0.00282,0.00295,
H202,MS,PALISADE HEV,2026,36,J24C2A4T,Hybrid SEL Premium 7P,0,,,0.00269,0.00269,0.00287,0.00301,0.00321,0.00334,
H202,MS,PALISADE HEV,2026,36,J24C2F4T,Hybrid Blue SEL Premium 7P,0,,,0.00231,0.00231,0.00249,0.00263,0.00283,0.00296,
H202,MS,PALISADE HEV,2026,36,J24D2A4T,Hybrid SEL Premium 8P,0,,,0.00269,0.00269,0.00287,0.00301,0.00321,0.00334,
H202,MS,PALISADE HEV,2026,36,J24D2F4T,Hybrid Blue SEL Premium 8P,0,,,0.00231,0.00231,0.00249,0.00263,0.00283,0.00296,
H202,MS,PALISADE HEV,2026,36,J24G2A4T,Hybrid Limited,0,,,0.0027,0.0027,0.00288,0.00302,0.00322,0.00335,
H202,MS,PALISADE HEV,2026,36,J24G2F4T,Hybrid Limited,0,,,0.00232,0.00232,0.0025,0.00264,0.00284,0.00297,
H202,MS,PALISADE HEV,2026,36,J24H2A4T,Hybrid Calligraphy,0,,,0.00271,0.00271,0.00289,0.00303,0.00323,0.00336,
H202,MS,PALISADE HEV,2026,36,J24H2F4T,Hybrid Calligraphy,0,,,0.00233,0.00233,0.00251,0.00265,0.00285,0.00298,
H202,MS,PALISADE HEV,2026,39,J24A2A4T,Hybrid SEL 7P,0,,,0.00227,0.00263,0.00281,0.00295,0.00315,0.00328,
H202,MS,PALISADE HEV,2026,39,J24A2F4T,Hybrid Blue SEL 7P,0,,,0.00227,0.00263,0.00281,0.00295,0.00315,0.00328,
H202,MS,PALISADE HEV,2026,39,J24B2A4T,Hybrid SEL 8 P,0,,,0.00227,0.00263,0.00281,0.00295,0.00315,0.00328,
H202,MS,PALISADE HEV,2026,39,J24B2F4T,Hybrid Blue SEL 8 P,0,,,0.00227,0.00263,0.00281,0.00295,0.00315,0.00328,
H202,MS,PALISADE HEV,2026,39,J24C2A4T,Hybrid SEL Premium 7P,0,,,0.00227,0.00263,0.00281,0.00295,0.00315,0.00328,
H202,MS,PALISADE HEV,2026,39,J24C2F4T,Hybrid Blue SEL Premium 7P,0,,,0.00227,0.00263,0.00281,0.00295,0.00315,0.00328,
H202,MS,PALISADE HEV,2026,39,J24D2A4T,Hybrid SEL Premium 8P,0,,,0.00227,0.00263,0.00281,0.00295,0.00315,0.00328,
H202,MS,PALISADE HEV,2026,39,J24D2F4T,Hybrid Blue SEL Premium 8P,0,,,0.00227,0.00263,0.00281,0.00295,0.00315,0.00328,
H202,MS,PALISADE HEV,2026,39,J24G2A4T,Hybrid Limited,0,,,0.00227,0.00263,0.00281,0.00295,0.00315,0.00328,
H202,MS,PALISADE HEV,2026,39,J24G2F4T,Hybrid Limited,0,,,0.00227,0.00263,0.00281,0.00295,0.00315,0.00328,
H202,MS,PALISADE HEV,2026,39,J24H2A4T,Hybrid Calligraphy,0,,,0.00227,0.00263,0.00281,0.00295,0.00315,0.00328,
H202,MS,PALISADE HEV,2026,39,J24H2F4T,Hybrid Calligraphy,0,,,0.00227,0.00263,0.00281,0.00295,0.00315,0.00328,
H202,MS,PALISADE HEV,2026,48,J24A2A4T,Hybrid SEL 7P,0,,,0.00272,0.00306,0.00326,0.00343,0.00368,0.00381,
H202,MS,PALISADE HEV,2026,48,J24A2F4T,Hybrid Blue SEL 7P,0,,,0.00272,0.00306,0.00326,0.00343,0.00368,0.00381,
H202,MS,PALISADE HEV,2026,48,J24B2A4T,Hybrid SEL 8 P,0,,,0.00272,0.00306,0.00326,0.00343,0.00368,0.00381,
H202,MS,PALISADE HEV,2026,48,J24B2F4T,Hybrid Blue SEL 8 P,0,,,0.00272,0.00306,0.00326,0.00343,0.00368,0.00381,
H202,MS,PALISADE HEV,2026,48,J24C2A4T,Hybrid SEL Premium 7P,0,,,0.00272,0.00306,0.00326,0.00343,0.00368,0.00381,
H202,MS,PALISADE HEV,2026,48,J24C2F4T,Hybrid Blue SEL Premium 7P,0,,,0.00272,0.00306,0.00326,0.00343,0.00368,0.00381,
H202,MS,PALISADE HEV,2026,48,J24D2A4T,Hybrid SEL Premium 8P,0,,,0.00272,0.00306,0.00326,0.00343,0.00368,0.00381,
H202,MS,PALISADE HEV,2026,48,J24D2F4T,Hybrid Blue SEL Premium 8P,0,,,0.00272,0.00306,0.00326,0.00343,0.00368,0.00381,
H202,MS,PALISADE HEV,2026,48,J24G2A4T,Hybrid Limited,0,,,0.00272,0.00306,0.00326,0.00343,0.00368,0.00381,
H202,MS,PALISADE HEV,2026,48,J24G2F4T,Hybrid Limited,0,,,0.00272,0.00306,0.00326,0.00343,0.00368,0.00381,
H202,MS,PALISADE HEV,2026,48,J24H2A4T,Hybrid Calligraphy,0,,,0.00272,0.00306,0.00326,0.00343,0.00368,0.00381,
H202,MS,PALISADE HEV,2026,48,J24H2F4T,Hybrid Calligraphy,0,,,0.00272,0.00306,0.00326,0.00343,0.00368,0.00381,
H202,MS,SANTA CRUZ,2026,36,90402A45,SE,0,,,0.00215,0.00215,0.00233,0.00247,0.00267,0.0028,
H202,MS,SANTA CRUZ,2026,36,90402F45,SE,250,,,0.00216,0.00216,0.00234,0.00248,0.00268,0.00281,
H202,MS,SANTA CRUZ,2026,36,90432A45,SEL,250,,,0.00228,0.00228,0.00246,0.0026,0.0028,0.00293,
H202,MS,SANTA CRUZ,2026,36,90432F45,SEL,0,,,0.00219,0.00219,0.00237,0.00251,0.00271,0.00284,
H202,MS,SANTA CRUZ,2026,36,90462AT5,XRT,0,,,0.00219,0.00219,0.00237,0.00251,0.00271,0.00284,
H202,MS,SANTA CRUZ,2026,36,90472AT5,Limited,250,,,0.00227,0.00227,0.00281,0.00295,0.00315,0.00328,
H202,MS,SANTA CRUZ,2026,36,90492A45,SEL Activity,0,,,0.00224,0.00224,0.00242,0.00256,0.00276,0.00289,
H202,MS,SANTA CRUZ,2026,36,90492F45,SEL Activity,0,,,0.00229,0.00229,0.00247,0.00261,0.00281,0.00294,
H202,MS,SANTA CRUZ,2026,39,90402A45,SE,0,,,0.00223,0.00223,0.00241,0.00255,0.00275,0.00288,
H202,MS,SANTA CRUZ,2026,39,90402F45,SE,0,,,0.00213,0.00213,0.00231,0.00245,0.00265,0.00278,
H202,MS,SANTA CRUZ,2026,39,90432A45,SEL,0,,,0.00264,0.00264,0.00282,0.00296,0.00316,0.00329,
H202,MS,SANTA CRUZ,2026,39,90432F45,SEL,0,,,0.00223,0.00223,0.00241,0.00255,0.00275,0.00288,
H202,MS,SANTA CRUZ,2026,39,90462AT5,XRT,0,,,0.00218,0.00218,0.00236,0.0025,0.0027,0.00283,
H202,MS,SANTA CRUZ,2026,39,90472AT5,Limited,0,,,0.00226,0.00226,0.00244,0.00258,0.00278,0.00291,
H202,MS,SANTA CRUZ,2026,39,90492A45,SEL Activity,0,,,0.00221,0.00221,0.00239,0.00253,0.00273,0.00286,
H202,MS,SANTA CRUZ,2026,39,90492F45,SEL Activity,0,,,0.00226,0.00226,0.00244,0.00258,0.00278,0.00291,
H202,MS,SANTA CRUZ,2026,48,90402A45,SE,0,,,0.00268,0.00268,0.00288,0.00305,0.0033,0.00343,
H202,MS,SANTA CRUZ,2026,48,90402F45,SE,0,,,0.00268,0.00268,0.00288,0.00305,0.0033,0.00343,
H202,MS,SANTA CRUZ,2026,48,90432A45,SEL,0,,,0.00267,0.00267,0.00287,0.00304,0.00329,0.00342,
H202,MS,SANTA CRUZ,2026,48,90432F45,SEL,750,,,0.00271,0.00271,0.00291,0.00308,0.00333,0.00346,
H202,MS,SANTA CRUZ,2026,48,90462AT5,XRT,250,,,0.00272,0.00272,0.00326,0.00343,0.00368,0.00381,
H202,MS,SANTA CRUZ,2026,48,90472AT5,Limited,0,,,0.00261,0.00261,0.00281,0.00298,0.00323,0.00336,
H202,MS,SANTA CRUZ,2026,48,90492A45,SEL Activity,250,,,0.0027,0.0027,0.0029,0.00307,0.00332,0.00345,
H202,MS,SANTA CRUZ,2026,48,90492F45,SEL Activity,0,,,0.00269,0.00269,0.00289,0.00306,0.00331,0.00344,
H202,MS,SANTA CRUZ,2025,36,90402A45,Crew Cab 2.5L SE,1000,,,0.00228,0.00228,0.00246,0.0026,0.0028,0.00293,
H202,MS,SANTA CRUZ,2025,36,90402F45,Crew Cab 2.5L SE,1500,,,0.00213,0.00213,0.00231,0.00245,0.00265,0.00278,
H202,MS,SANTA CRUZ,2025,36,90432A45,Crew Cab 2.5L SEL,1250,,,0.0022,0.0022,0.00238,0.00252,0.00272,0.00285,
H202,MS,SANTA CRUZ,2025,36,90432F45,Crew Cab 2.5L SEL,750,,,0.00215,0.00215,0.00233,0.00247,0.00267,0.0028,
H202,MS,SANTA CRUZ,2025,36,90462AT5,Crew Cab XRT,0,,,0.00228,0.00228,0.00246,0.0026,0.0028,0.00293,
H202,MS,SANTA CRUZ,2025,36,90472AT5,Crew Cab 2.5T Limited,1250,,,0.00227,0.00227,0.00281,0.00295,0.00315,0.00328,
H202,MS,SANTA CRUZ,2025,36,90492A45,Crew Cab 2.5L SEL Activity,500,,,0.00222,0.00222,0.0024,0.00254,0.00274,0.00287,
H202,MS,SANTA CRUZ,2025,36,90492F45,Crew Cab 2.5L SEL Activity,500,,,0.00228,0.00228,0.00246,0.0026,0.0028,0.00293,
H202,MS,SANTA CRUZ,2025,39,90402A45,Crew Cab 2.5L SE,0,,,0.00224,0.00224,0.00242,0.00256,0.00276,0.00289,
H202,MS,SANTA CRUZ,2025,39,90402F45,Crew Cab 2.5L SE,1250,,,0.00229,0.00229,0.00247,0.00261,0.00281,0.00294,
H202,MS,SANTA CRUZ,2025,39,90432A45,Crew Cab 2.5L SEL,750,,,0.00212,0.00212,0.0023,0.00244,0.00264,0.00277,
H202,MS,SANTA CRUZ,2025,39,90432F45,Crew Cab 2.5L SEL,750,,,0.0022,0.0022,0.00238,0.00252,0.00272,0.00285,
H202,MS,SANTA CRUZ,2025,39,90462AT5,Crew Cab XRT,750,,,0.00227,0.00227,0.00281,0.00295,0.00315,0.00328,
H202,MS,SANTA CRUZ,2025,39,90472AT5,Crew Cab 2.5T Limited,1000,,,0.00225,0.00225,0.00243,0.00257,0.00277,0.0029,
H202,MS,SANTA CRUZ,2025,39,90492A45,Crew Cab 2.5L SEL Activity,1250,,,0.00225,0.00225,0.00243,0.00257,0.00277,0.0029,
H202,MS,SANTA CRUZ,2025,39,90492F45,Crew Cab 2.5L SEL Activity,750,,,0.00221,0.00221,0.00239,0.00253,0.00273,0.00286,
H202,MS,SANTA CRUZ,2025,48,90402A45,Crew Cab 2.5L SE,1000,,,0.00265,0.00265,0.00285,0.00302,0.00327,0.0034,
H202,MS,SANTA CRUZ,2025,48,90402F45,Crew Cab 2.5L SE,1500,,,0.00269,0.00269,0.00289,0.00306,0.00331,0.00344,
H202,MS,SANTA CRUZ,2025,48,90432A45,Crew Cab 2.5L SEL,250,,,0.00263,0.00263,0.00283,0.003,0.00325,0.00338,
H202,MS,SANTA CRUZ,2025,48,90432F45,Crew Cab 2.5L SEL,1500,,,0.00267,0.00267,0.00287,0.00304,0.00329,0.00342,
H202,MS,SANTA CRUZ,2025,48,90462AT5,Crew Cab XRT,750,,,0.00269,0.00269,0.00289,0.00306,0.00331,0.00344,
H202,MS,SANTA CRUZ,2025,48,90472AT5,Crew Cab 2.5T Limited,0,,,0.00261,0.00261,0.00281,0.00298,0.00323,0.00336,
H202,MS,SANTA CRUZ,2025,48,90492A45,Crew Cab 2.5L SEL Activity,2000,,,0.00272,0.00272,0.00326,0.00343,0.00368,0.00381,
H202,MS,SANTA CRUZ,2025,48,90492F45,Crew Cab 2.5L SEL Activity,1500,,,0.00261,0.00261,0.00281,0.00298,0.00323,0.00336,
H202,MS,SANTA FE,2026,24,65402AT5,SE AWD,0,0.00191,0.00191,0.00205,0.00219,0.00231,0.00248,0.00275,0.00362,0.73
H202,MS,SANTA FE,2026,24,65402FT5,SE FWD,0,0.00163,0.00163,0.00177,0.00191,0.00203,0.0022,0.00247,0.00362,0.72
H202,MS,SANTA FE,2026,24,65432AT5,SEL AWD,0,0.00193,0.00193,0.00207,0.00221,0.00233,0.0025,0.00277,0.00362,0.73
H202,MS,SANTA FE,2026,24,65432FT5,SEL FWD,750,0.00192,0.00192,0.00206,0.0022,0.00232,0.00249,0.00276,0.00362,0.71
H202,MS,SANTA FE,2026,24,65462AT5,XRT AWD,750,0.00177,0.00177,0.00191,0.00205,0.00217,0.00234,0.00261,0.00362,0.71
H202,MS,SANTA FE,2026,24,65492AT5,Limited AWD,0,0.00197,0.00197,0.00211,0.00225,0.00237,0.00254,0.00281,0.00362,0.75
H202,MS,SANTA FE,2026,24,65492FT5,Limited FWD,0,0.00192,0.00192,0.00206,0.0022,0.00232,0.00249,0.00276,0.00362,0.75
H202,MS,SANTA FE,2026,24,654C2AT5,Calligraphy AWD,500,0.00195,0.00195,0.00209,0.00223,0.00235,0.00252,0.00279,0.00362,0.74
H202,MS,SANTA FE,2026,24,654C2FT5,Calligraphy FWD,250,0.00154,0.00154,0.00168,0.00182,0.00194,0.00211,0.00238,0.00362,0.73
H202,MS,SANTA FE,2026,36,65402AT5,SE AWD,0,0.00203,0.00203,0.00221,0.00235,0.00255,0.00268,0.00277,0.00354,0.66
H202,MS,SANTA FE,2026,36,65402FT5,SE FWD,0,0.00224,0.00224,0.00242,0.00256,0.00276,0.00289,0.00298,0.00354,0.68
H202,MS,SANTA FE,2026,36,65432AT5,SEL AWD,0,0.00229,0.00229,0.00247,0.00261,0.00281,0.00294,0.00303,0.00354,0.67
H202,MS,SANTA FE,2026,36,65432FT5,SEL FWD,750,0.00224,0.00224,0.00242,0.00256,0.00276,0.00289,0.00298,0.00354,0.65
H202,MS,SANTA FE,2026,36,65462AT5,XRT AWD,0,0.00223,0.00223,0.00241,0.00255,0.00275,0.00288,0.00297,0.00354,0.67
H202,MS,SANTA FE,2026,36,65492AT5,Limited AWD,250,0.00227,0.00227,0.00281,0.00295,0.00315,0.00328,0.00337,0.00354,0.68
H202,MS,SANTA FE,2026,36,65492FT5,Limited FWD,1250,0.00227,0.00227,0.00281,0.00295,0.00315,0.00328,0.00337,0.00354,0.66
H202,MS,SANTA FE,2026,36,654C2AT5,Calligraphy AWD,0,0.0022,0.0022,0.00238,0.00252,0.00272,0.00285,0.00294,0.00354,0.68
H202,MS,SANTA FE,2026,36,654C2FT5,Calligraphy FWD,0,0.00095,0.00095,0.00113,0.00127,0.00147,0.0016,0.00169,0.00354,0.61
H202,MS,SANTA FE,2026,39,65402AT5,SE AWD,0,0.00221,0.00221,0.00239,0.00253,0.00273,0.00286,0.00295,0.00354,0.64
H202,MS,SANTA FE,2026,39,65402FT5,SE FWD,0,0.00225,0.00225,0.00243,0.00257,0.00277,0.0029,0.00299,0.00354,0.65
H202,MS,SANTA FE,2026,39,65432AT5,SEL AWD,250,0.00226,0.00226,0.00244,0.00258,0.00278,0.00291,0.003,0.00354,0.63
H202,MS,SANTA FE,2026,39,65432FT5,SEL FWD,500,0.00214,0.00214,0.00232,0.00246,0.00266,0.00279,0.00288,0.00354,0.62
H202,MS,SANTA FE,2026,39,65462AT5,XRT AWD,0,0.00223,0.00223,0.00241,0.00255,0.00275,0.00288,0.00297,0.00354,0.64
H202,MS,SANTA FE,2026,39,65492AT5,Limited AWD,0,0.00215,0.00215,0.00233,0.00247,0.00267,0.0028,0.00289,0.00354,0.65
H202,MS,SANTA FE,2026,39,65492FT5,Limited FWD,500,0.0021,0.0021,0.00228,0.00242,0.00262,0.00275,0.00284,0.00354,0.64
H202,MS,SANTA FE,2026,39,654C2AT5,Calligraphy AWD,2000,0.00227,0.00227,0.00281,0.00295,0.00315,0.00328,0.00337,0.00354,0.61
H202,MS,SANTA FE,2026,39,654C2FT5,Calligraphy FWD,0,0.00163,0.00163,0.00181,0.00195,0.00215,0.00228,0.00237,0.00354,0.62
H202,MS,SANTA FE,2026,48,65402AT5,SE AWD,500,0.00272,0.00272,0.00326,0.00343,0.00368,0.00381,0.00393,0.00413,0.55
H202,MS,SANTA FE,2026,48,65402FT5,SE FWD,1250,0.00272,0.00272,0.00326,0.00343,0.00368,0.00381,0.00393,0.00413,0.53
H202,MS,SANTA FE,2026,48,65432AT5,SEL AWD,250,0.0027,0.0027,0.0029,0.00307,0.00332,0.00345,0.00357,0.00413,0.55
H202,MS,SANTA FE,2026,48,65432FT5,SEL FWD,500,0.00272,0.00272,0.00326,0.00343,0.00368,0.00381,0.00393,0.00413,0.55
H202,MS,SANTA FE,2026,48,65462AT5,XRT AWD,250,0.00272,0.00272,0.00326,0.00343,0.00368,0.00381,0.00393,0.00413,0.56
H202,MS,SANTA FE,2026,48,65492AT5,Limited AWD,0,0.0016,0.0016,0.0018,0.00197,0.00222,0.00235,0.00247,0.00413,0.5
H202,MS,SANTA FE,2026,48,65492FT5,Limited FWD,250,0.00272,0.00272,0.00326,0.00343,0.00368,0.00381,0.00393,0.00413,0.59
H202,MS,SANTA FE,2026,48,654C2AT5,Calligraphy AWD,750,0.00272,0.00272,0.00326,0.00343,0.00368,0.00381,0.00393,0.00413,0.57
H202,MS,SANTA FE,2026,48,654C2FT5,Calligraphy FWD,0,0.00138,0.00138,0.00158,0.00175,0.002,0.00213,0.00225,0.00413,0.49
H202,MS,SANTA FE,2025,24,65402AT5,4dr Wgn 2.5L SE AWD,0,0.00024,0.00024,0.00038,0.00052,0.00064,0.00081,0.00108,0.00362,0.67
H202,MS,SANTA FE,2025,24,65402FT5,4dr Wgn 2.5L SE FWD,3000,0.00199,0.00199,0.00213,0.00227,0.00239,0.00256,0.00283,0.00362,0.65
H202,MS,SANTA FE,2025,24,65432AT5,4dr Wgn 2.5L SEL AWD,0,0.00029,0.00029,0.00043,0.00057,0.00069,0.00086,0.00113,0.00362,0.67
H202,MS,SANTA FE,2025,24,65432FT5,4dr Wgn 2.5L SEL FWD,3750,0.00192,0.00192,0.00206,0.0022,0.00232,0.00249,0.00276,0.00362,0.63
H202,MS,SANTA FE,2025,24,65462AT5,4dr Wgn 2.5L XRT AWD,0,0.00048,0.00048,0.00062,0.00076,0.00088,0.00105,0.00132,0.00362,0.68
H202,MS,SANTA FE,2025,24,65492AT5,4dr Wgn 2.5T Limited AWD,0,0.00014,0.00014,0.00028,0.00042,0.00054,0.00071,0.00098,0.00362,0.68
H202,MS,SANTA FE,2025,24,65492FT5,4dr Wgn 2.5T Limited FWD,0,0.00008,0.00008,0.00022,0.00036,0.00048,0.00065,0.00092,0.00362,0.68
H202,MS,SANTA FE,2025,24,654C2AT5,4dr Wgn 2.5T Calligraphy AWD,0,0.00034,0.00034,0.00048,0.00062,0.00074,0.00091,0.00118,0.00362,0.69
H202,MS,SANTA FE,2025,24,654C2FT5,4dr Wgn 2.5T Calligraphy FWD,0,0.00002,0.00002,0.00016,0.0003,0.00042,0.00059,0.00086,0.00362,0.68
H202,MS,SANTA FE,2025,36,65402AT5,4dr Wgn 2.5L SE AWD,1000,0.00217,0.00217,0.00235,0.00249,0.00269,0.00282,0.00291,0.00354,0.65
H202,MS,SANTA FE,2025,36,65402FT5,4dr Wgn 2.5L SE FWD,1250,0.00204,0.00204,0.00222,0.00236,0.00256,0.00269,0.00278,0.00354,0.64
H202,MS,SANTA FE,2025,36,65432AT5,4dr Wgn 2.5L SEL AWD,1000,0.00227,0.00227,0.00281,0.00295,0.00315,0.00328,0.00337,0.00354,0.65
H202,MS,SANTA FE,2025,36,65432FT5,4dr Wgn 2.5L SEL FWD,1500,0.00227,0.00227,0.00281,0.00295,0.00315,0.00328,0.00337,0.00354,0.64
H202,MS,SANTA FE,2025,36,65462AT5,4dr Wgn 2.5L XRT AWD,2500,0.00227,0.00227,0.00281,0.00295,0.00315,0.00328,0.00337,0.00354,0.61
H202,MS,SANTA FE,2025,36,65492AT5,4dr Wgn 2.5T Limited AWD,0,0.00122,0.00122,0.0014,0.00154,0.00174,0.00187,0.00196,0.00354,0.63
H202,MS,SANTA FE,2025,36,65492FT5,4dr Wgn 2.5T Limited FWD,0,0.00112,0.00112,0.0013,0.00144,0.00164,0.00177,0.00186,0.00354,0.63
H202,MS,SANTA FE,2025,36,654C2AT5,4dr Wgn 2.5T Calligraphy AWD,1500,0.0018,0.0018,0.00198,0.00212,0.00232,0.00245,0.00254,0.00354,0.63
H202,MS,SANTA FE,2025,36,654C2FT5,4dr Wgn 2.5T Calligraphy FWD,0,0.00114,0.00114,0.00132,0.00146,0.00166,0.00179,0.00188,0.00354,0.63
H202,MS,SANTA FE,2025,39,65402AT5,4dr Wgn 2.5L SE AWD,1750,0.00224,0.00224,0.00242,0.00256,0.00276,0.00289,0.00298,0.00354,0.6
H202,MS,SANTA FE,2025,39,65402FT5,4dr Wgn 2.5L SE FWD,2250,0.00227,0.00227,0.00281,0.00295,0.00315,0.00328,0.00337,0.00354,0.59
H202,MS,SANTA FE,2025,39,65432AT5,4dr Wgn 2.5L SEL AWD,2000,0.00227,0.00227,0.00281,0.00295,0.00315,0.00328,0.00337,0.00354,0.59
H202,MS,SANTA FE,2025,39,65432FT5,4dr Wgn 2.5L SEL FWD,1750,0.00224,0.00224,0.00242,0.00256,0.00276,0.00289,0.00298,0.00354,0.6
H202,MS,SANTA FE,2025,39,65462AT5,4dr Wgn 2.5L XRT AWD,2500,0.00227,0.00227,0.00281,0.00295,0.00315,0.00328,0.00337,0.00354,0.58
H202,MS,SANTA FE,2025,39,65492AT5,4dr Wgn 2.5T Limited AWD,0,0.00125,0.00125,0.00143,0.00157,0.00177,0.0019,0.00199,0.00354,0.6
H202,MS,SANTA FE,2025,39,65492FT5,4dr Wgn 2.5T Limited FWD,2750,0.00209,0.00209,0.00227,0.00241,0.00261,0.00274,0.00283,0.00354,0.59
H202,MS,SANTA FE,2025,39,654C2AT5,4dr Wgn 2.5T Calligraphy AWD,3250,0.00227,0.00227,0.00281,0.00295,0.00315,0.00328,0.00337,0.00354,0.59
H202,MS,SANTA FE,2025,39,654C2FT5,4dr Wgn 2.5T Calligraphy FWD,3250,0.00222,0.00222,0.0024,0.00254,0.00274,0.00287,0.00296,0.00354,0.59
H202,MS,SANTA FE,2025,48,65402AT5,4dr Wgn 2.5L SE AWD,1000,0.00261,0.00261,0.00281,0.00298,0.00323,0.00336,0.00348,0.00413,0.54
H202,MS,SANTA FE,2025,48,65402FT5,4dr Wgn 2.5L SE FWD,2000,0.00272,0.00272,0.00326,0.00343,0.00368,0.00381,0.00393,0.00413,0.52
H202,MS,SANTA FE,2025,48,65432AT5,4dr Wgn 2.5L SEL AWD,2000,0.00272,0.00272,0.00326,0.00343,0.00368,0.00381,0.00393,0.00413,0.51
H202,MS,SANTA FE,2025,48,65432FT5,4dr Wgn 2.5L SEL FWD,0,0.00097,0.00097,0.00117,0.00134,0.00159,0.00172,0.00184,0.00413,0.45
H202,MS,SANTA FE,2025,48,65462AT5,4dr Wgn 2.5L XRT AWD,0,0.0012,0.0012,0.0014,0.00157,0.00182,0.00195,0.00207,0.00413,0.46
H202,MS,SANTA FE,2025,48,65492AT5,4dr Wgn 2.5T Limited AWD,0,0.0009,0.0009,0.0011,0.00127,0.00152,0.00165,0.00177,0.00413,0.46
H202,MS,SANTA FE,2025,48,65492FT5,4dr Wgn 2.5T Limited FWD,0,0.00065,0.00065,0.00085,0.00102,0.00127,0.0014,0.00152,0.00413,0.45
H202,MS,SANTA FE,2025,48,654C2AT5,4dr Wgn 2.5T Calligraphy AWD,0,0.00089,0.00089,0.00109,0.00126,0.00151,0.00164,0.00176,0.00413,0.46
H202,MS,SANTA FE,2025,48,654C2FT5,4dr Wgn 2.5T Calligraphy FWD,0,0.00065,0.00065,0.00085,0.00102,0.00127,0.0014,0.00152,0.00413,0.45
H202,MS,SANTA FE HEV,2026,36,654E2ABS,SE Hybrid AWD,0,,,0.00222,0.00222,0.0024,0.00254,0.00274,0.00287,
H202,MS,SANTA FE HEV,2026,36,654E2FBS,SE Hybrid FWD,250,,,0.00225,0.00225,0.00243,0.00257,0.00277,0.0029,
H202,MS,SANTA FE HEV,2026,36,654F2ABS,SEL Hybrid AWD,0,,,0.0022,0.0022,0.00238,0.00252,0.00272,0.00285,
H202,MS,SANTA FE HEV,2026,36,654F2FBS,SEL Hybrid FWD,0,,,0.00227,0.00227,0.00281,0.00295,0.00315,0.00328,
H202,MS,SANTA FE HEV,2026,36,654J2ABS,Limited Hybrid AWD,1000,,,0.00244,0.00244,0.00262,0.00276,0.00296,0.00309,
H202,MS,SANTA FE HEV,2026,36,654J2FBS,Limited Hybrid FWD,750,,,0.00211,0.00211,0.00229,0.00243,0.00263,0.00276,
H202,MS,SANTA FE HEV,2026,36,654M2ABS,Calligraphy Hybrid AWD,750,,,0.00234,0.00234,0.00252,0.00266,0.00286,0.00299,
H202,MS,SANTA FE HEV,2026,36,654M2FBS,Calligraphy Hybrid FWD,750,,,0.00227,0.00227,0.00281,0.00295,0.00315,0.00328,
H202,MS,SANTA FE HEV,2026,39,654E2ABS,SE Hybrid AWD,0,,,0.00225,0.00225,0.00243,0.00257,0.00277,0.0029,
H202,MS,SANTA FE HEV,2026,39,654E2FBS,SE Hybrid FWD,0,,,0.00221,0.00221,0.00239,0.00253,0.00273,0.00286,
H202,MS,SANTA FE HEV,2026,39,654F2ABS,SEL Hybrid AWD,0,,,0.00223,0.00223,0.00241,0.00255,0.00275,0.00288,
H202,MS,SANTA FE HEV,2026,39,654F2FBS,SEL Hybrid FWD,250,,,0.00227,0.00227,0.00281,0.00295,0.00315,0.00328,
H202,MS,SANTA FE HEV,2026,39,654J2ABS,Limited Hybrid AWD,0,,,0.00223,0.00223,0.00241,0.00255,0.00275,0.00288,
H202,MS,SANTA FE HEV,2026,39,654J2FBS,Limited Hybrid FWD,500,,,0.00222,0.00222,0.0024,0.00254,0.00274,0.00287,
H202,MS,SANTA FE HEV,2026,39,654M2ABS,Calligraphy Hybrid AWD,0,,,0.0022,0.0022,0.00238,0.00252,0.00272,0.00285,
H202,MS,SANTA FE HEV,2026,39,654M2FBS,Calligraphy Hybrid FWD,0,,,0.00215,0.00215,0.00233,0.00247,0.00267,0.0028,
H202,MS,SANTA FE HEV,2026,48,654E2ABS,SE Hybrid AWD,1750,,,0.0027,0.0027,0.0029,0.00307,0.00332,0.00345,
H202,MS,SANTA FE HEV,2026,48,654E2FBS,SE Hybrid FWD,0,,,0.0018,0.0018,0.002,0.00217,0.00242,0.00255,
H202,MS,SANTA FE HEV,2026,48,654F2ABS,SEL Hybrid AWD,1000,,,0.00271,0.00271,0.00291,0.00308,0.00333,0.00346,
H202,MS,SANTA FE HEV,2026,48,654F2FBS,SEL Hybrid FWD,250,,,0.00269,0.00269,0.00289,0.00306,0.00331,0.00344,
H202,MS,SANTA FE HEV,2026,48,654J2ABS,Limited Hybrid AWD,0,,,0.00269,0.00269,0.00289,0.00306,0.00331,0.00344,
H202,MS,SANTA FE HEV,2026,48,654J2FBS,Limited Hybrid FWD,250,,,0.0027,0.0027,0.0029,0.00307,0.00332,0.00345,
H202,MS,SANTA FE HEV,2026,48,654M2ABS,Calligraphy Hybrid AWD,500,,,0.00272,0.00272,0.00326,0.00343,0.00368,0.00381,
H202,MS,SANTA FE HEV,2026,48,654M2FBS,Calligraphy Hybrid FWD,250,,,0.0027,0.0027,0.0029,0.00307,0.00332,0.00345,
H202,MS,SANTA FE HEV,2025,36,654F2ABS,4dr Wgn SEL Hybrid AWD,750,,,0.00224,0.00224,0.00242,0.00256,0.00276,0.00289,
H202,MS,SANTA FE HEV,2025,36,654F2FBS,4dr Wgn SEL Hybrid FWD,1250,,,0.00224,0.00224,0.00242,0.00256,0.00276,0.00289,
H202,MS,SANTA FE HEV,2025,36,654J2ABS,4dr Wgn Limited Hybrid AWD,1250,,,0.00227,0.00227,0.00281,0.00295,0.00315,0.00328,
H202,MS,SANTA FE HEV,2025,36,654J2FBS,4dr Wgn Limited Hybrid FWD,3000,,,0.00227,0.00227,0.00281,0.00295,0.00315,0.00328,
H202,MS,SANTA FE HEV,2025,36,654M2ABS,4dr Wgn Calligraphy Hybrid AWD,0,,,0.00145,0.00145,0.00163,0.00177,0.00197,0.0021,
H202,MS,SANTA FE HEV,2025,36,654M2FBS,4dr Wgn Calligraphy Hybrid FWD,2250,,,0.00223,0.00223,0.00241,0.00255,0.00275,0.00288,
H202,MS,SANTA FE HEV,2025,39,654F2ABS,4dr Wgn SEL Hybrid AWD,0,,,0.00193,0.00193,0.00211,0.00225,0.00245,0.00258,
H202,MS,SANTA FE HEV,2025,39,654F2FBS,4dr Wgn SEL Hybrid FWD,1250,,,0.00227,0.00227,0.00281,0.00295,0.00315,0.00328,
H202,MS,SANTA FE HEV,2025,39,654J2ABS,4dr Wgn Limited Hybrid AWD,2500,,,0.00227,0.00227,0.00281,0.00295,0.00315,0.00328,
H202,MS,SANTA FE HEV,2025,39,654J2FBS,4dr Wgn Limited Hybrid FWD,2250,,,0.00227,0.00227,0.00281,0.00295,0.00315,0.00328,
H202,MS,SANTA FE HEV,2025,39,654M2ABS,4dr Wgn Calligraphy Hybrid AWD,2250,,,0.00226,0.00226,0.00244,0.00258,0.00278,0.00291,
H202,MS,SANTA FE HEV,2025,39,654M2FBS,4dr Wgn Calligraphy Hybrid FWD,3250,,,0.00227,0.00227,0.00281,0.00295,0.00315,0.00328,
H202,MS,SANTA FE HEV,2025,48,654F2ABS,4dr Wgn SEL Hybrid AWD,250,,,0.00266,0.00266,0.00286,0.00303,0.00328,0.00341,
H202,MS,SANTA FE HEV,2025,48,654F2FBS,4dr Wgn SEL Hybrid FWD,1500,,,0.00272,0.00272,0.00326,0.00343,0.00368,0.00381,
H202,MS,SANTA FE HEV,2025,48,654J2ABS,4dr Wgn Limited Hybrid AWD,1000,,,0.00266,0.00266,0.00286,0.00303,0.00328,0.00341,
H202,MS,SANTA FE HEV,2025,48,654J2FBS,4dr Wgn Limited Hybrid FWD,1500,,,0.00264,0.00264,0.00284,0.00301,0.00326,0.00339,
H202,MS,SANTA FE HEV,2025,48,654M2ABS,4dr Wgn Calligraphy Hybrid AWD,2500,,,0.00272,0.00272,0.00326,0.00343,0.00368,0.00381,
H202,MS,SANTA FE HEV,2025,48,654M2FBS,4dr Wgn Calligraphy Hybrid FWD,1000,,,0.00267,0.00267,0.00287,0.00304,0.00329,0.00342,
H202,MS,SONATA,2026,24,29412F4S,SE,0,,,0.00185,0.00185,0.00199,0.00213,0.00225,0.00242,
H202,MS,SONATA,2026,24,29442A4S,SEL Sport AWD,0,,,0.00202,0.00202,0.00216,0.0023,0.00242,0.00259,
H202,MS,SONATA,2026,24,29442F4S,SEL Sport,0,,,0.00198,0.00198,0.00212,0.00226,0.00238,0.00255,
H202,MS,SONATA,2026,24,29472FT5,N Line,250,,,0.00179,0.00179,0.00193,0.00207,0.00219,0.00236,
H202,MS,SONATA,2026,36,29412F4S,SE,1750,,,0.00227,0.00227,0.00281,0.00295,0.00315,0.00328,
H202,MS,SONATA,2026,36,29442A4S,SEL Sport AWD,1000,,,0.00227,0.00227,0.00281,0.00295,0.00315,0.00328,
H202,MS,SONATA,2026,36,29442F4S,SEL Sport,1750,,,0.00227,0.00227,0.00281,0.00295,0.00315,0.00328,
H202,MS,SONATA,2026,36,29472FT5,N Line,0,,,0.00217,0.00217,0.00235,0.00249,0.00269,0.00282,
H202,MS,SONATA,2026,39,29412F4S,SE,250,,,0.00227,0.00227,0.00281,0.00295,0.00315,0.00328,
H202,MS,SONATA,2026,39,29442A4S,SEL Sport AWD,0,,,0.00197,0.00197,0.00215,0.00229,0.00249,0.00262,
H202,MS,SONATA,2026,39,29442F4S,SEL Sport,1000,,,0.00227,0.00227,0.00281,0.00295,0.00315,0.00328,
H202,MS,SONATA,2026,39,29472FT5,N Line,0,,,0.00225,0.00225,0.00243,0.00257,0.00277,0.0029,
H202,MS,SONATA,2026,48,29412F4S,SE,0,,,0.0026,0.0026,0.0028,0.00297,0.00322,0.00335,
H202,MS,SONATA,2026,48,29442A4S,SEL Sport AWD,0,,,0.00267,0.00267,0.00287,0.00304,0.00329,0.00342,
H202,MS,SONATA,2026,48,29442F4S,SEL Sport,0,,,0.00265,0.00265,0.00285,0.00302,0.00327,0.0034,
H202,MS,SONATA,2026,48,29472FT5,N Line,500,,,0.00263,0.00263,0.00283,0.003,0.00325,0.00338,
H202,MS,SONATA,2025,24,29412F4S,4dr Sdn SE,1500,,,0.00203,0.00203,0.00244,0.00258,0.0027,0.00287,
H202,MS,SONATA,2025,24,29442A4S,4dr Sdn SEL AWD,1750,,,0.00203,0.00203,0.00244,0.00258,0.0027,0.00287,
H202,MS,SONATA,2025,24,29442F4S,4dr Sdn SEL,2000,,,0.00203,0.00203,0.00244,0.00258,0.0027,0.00287,
H202,MS,SONATA,2025,24,29452F4S,4dr Sdn SEL Convenience,0,,,0.00167,0.00167,0.00181,0.00195,0.00207,0.00224,
H202,MS,SONATA,2025,24,29472FT5,4dr Sdn N Line,0,,,0.00114,0.00114,0.00128,0.00142,0.00154,0.00171,
H202,MS,SONATA,2025,36,29412F4S,4dr Sdn SE,2250,,,0.00213,0.00213,0.00231,0.00245,0.00265,0.00278,
H202,MS,SONATA,2025,36,29442A4S,4dr Sdn SEL AWD,1000,,,0.00145,0.00145,0.00163,0.00177,0.00197,0.0021,
H202,MS,SONATA,2025,36,29442F4S,4dr Sdn SEL,2500,,,0.00215,0.00215,0.00233,0.00247,0.00267,0.0028,
H202,MS,SONATA,2025,36,29452F4S,4dr Sdn SEL Convenience,2250,,,0.00227,0.00227,0.00281,0.00295,0.00315,0.00328,
H202,MS,SONATA,2025,36,29472FT5,4dr Sdn N Line,1500,,,0.00222,0.00222,0.0024,0.00254,0.00274,0.00287,
H202,MS,SONATA,2025,39,29412F4S,4dr Sdn SE,2000,,,0.00216,0.00216,0.00234,0.00248,0.00268,0.00281,
H202,MS,SONATA,2025,39,29442A4S,4dr Sdn SEL AWD,1500,,,0.00227,0.00227,0.00281,0.00295,0.00315,0.00328,
H202,MS,SONATA,2025,39,29442F4S,4dr Sdn SEL,2000,,,0.00216,0.00216,0.00234,0.00248,0.00268,0.00281,
H202,MS,SONATA,2025,39,29452F4S,4dr Sdn SEL Convenience,750,,,0.00218,0.00218,0.00236,0.0025,0.0027,0.00283,
H202,MS,SONATA,2025,39,29472FT5,4dr Sdn N Line,0,,,0.00154,0.00154,0.00172,0.00186,0.00206,0.00219,
H202,MS,SONATA,2025,48,29412F4S,4dr Sdn SE,2750,,,0.00272,0.00272,0.00326,0.00343,0.00368,0.00381,
H202,MS,SONATA,2025,48,29442A4S,4dr Sdn SEL AWD,2250,,,0.00272,0.00272,0.00326,0.00343,0.00368,0.00381,
H202,MS,SONATA,2025,48,29442F4S,4dr Sdn SEL,0,,,0.00072,0.00072,0.00092,0.00109,0.00134,0.00147,
H202,MS,SONATA,2025,48,29452F4S,4dr Sdn SEL Convenience,500,,,0.00264,0.00264,0.00284,0.00301,0.00326,0.00339,
H202,MS,SONATA,2025,48,29472FT5,4dr Sdn N Line,1000,,,0.00272,0.00272,0.00326,0.00343,0.00368,0.00381,
H202,MS,SONATA HEV,2026,36,294C2FBS,HEV Blue,250,,,0.00224,0.00224,0.00242,0.00256,0.00276,0.00289,
H202,MS,SONATA HEV,2026,36,294D2FBS,HEV SEL,500,,,0.00211,0.00211,0.00229,0.00243,0.00263,0.00276,
H202,MS,SONATA HEV,2026,36,294G2FBS,HEV Limited,250,,,0.00228,0.00228,0.00246,0.0026,0.0028,0.00293,
H202,MS,SONATA HEV,2026,39,294C2FBS,HEV Blue,0,,,0.00213,0.00213,0.00231,0.00245,0.00265,0.00278,
H202,MS,SONATA HEV,2026,39,294D2FBS,HEV SEL,500,,,0.00227,0.00227,0.00281,0.00295,0.00315,0.00328,
H202,MS,SONATA HEV,2026,39,294G2FBS,HEV Limited,250,,,0.00222,0.00222,0.0024,0.00254,0.00274,0.00287,
H202,MS,SONATA HEV,2026,48,294C2FBS,HEV Blue,750,,,0.00273,0.00273,0.00293,0.0031,0.00335,0.00348,
H202,MS,SONATA HEV,2026,48,294D2FBS,HEV SEL,250,,,0.00268,0.00268,0.00288,0.00305,0.0033,0.00343,
H202,MS,SONATA HEV,2026,48,294G2FBS,HEV Limited,250,,,0.00267,0.00267,0.00287,0.00304,0.00329,0.00342,
H202,MS,SONATA HEV,2025,36,294D2FBS,4dr Sdn HEV SEL,1750,,,0.00227,0.00227,0.00281,0.00295,0.00315,0.00328,
H202,MS,SONATA HEV,2025,36,294G2FBS,4dr Sdn HEV Limited,1000,,,0.00226,0.00226,0.00244,0.00258,0.00278,0.00291,
H202,MS,SONATA HEV,2025,39,294D2FBS,4dr Sdn HEV SEL,1750,,,0.00227,0.00227,0.00281,0.00295,0.00315,0.00328,
H202,MS,SONATA HEV,2025,39,294G2FBS,4dr Sdn HEV Limited,1500,,,0.00227,0.00227,0.00281,0.00295,0.00315,0.00328,
H202,MS,SONATA HEV,2025,48,294D2FBS,4dr Sdn HEV SEL,500,,,0.00271,0.00271,0.00291,0.00308,0.00333,0.00346,
H202,MS,SONATA HEV,2025,48,294G2FBS,4dr Sdn HEV Limited,750,,,0.00263,0.00263,0.00283,0.003,0.00325,0.00338,
H202,MS,TUCSON,2026,24,85402A4S,SE AWD,250,0.00193,0.00193,0.00207,0.00221,0.00233,0.0025,0.00277,0.00362,0.67
H202,MS,TUCSON,2026,24,85402F4S,SE FWD,0,0.00203,0.00203,0.00244,0.00258,0.0027,0.00287,0.00314,0.00362,0.67
H202,MS,TUCSON,2026,24,85432A4S,SEL AWD,0,0.00183,0.00183,0.00197,0.00211,0.00223,0.0024,0.00267,0.00362,0.67
H202,MS,TUCSON,2026,24,85432F4S,SEL FWD,0,0.00201,0.00201,0.00215,0.00229,0.00241,0.00258,0.00285,0.00362,0.68
H202,MS,TUCSON,2026,24,85442A4S,XRT AWD,0,0.0018,0.0018,0.00194,0.00208,0.0022,0.00237,0.00264,0.00362,0.68
H202,MS,TUCSON,2026,24,85442F4S,XRT FWD,0,0.00173,0.00173,0.00187,0.00201,0.00213,0.0023,0.00257,0.00362,0.68
H202,MS,TUCSON,2026,24,85462A4S,SEL Premium AWD,0,0.00196,0.00196,0.0021,0.00224,0.00236,0.00253,0.0028,0.00362,0.69
H202,MS,TUCSON,2026,24,85462F4S,SEL Premium FWD,0,0.00188,0.00188,0.00202,0.00216,0.00228,0.00245,0.00272,0.00362,0.69
H202,MS,TUCSON,2026,24,85472A4S,Limited AWD,0,0.00202,0.00202,0.00216,0.0023,0.00242,0.00259,0.00286,0.00362,0.69
H202,MS,TUCSON,2026,24,85472F4S,Limited FWD,0,0.00196,0.00196,0.0021,0.00224,0.00236,0.00253,0.0028,0.00362,0.69
H202,MS,TUCSON,2026,36,85402A4S,SE AWD,750,0.00175,0.00175,0.00193,0.00207,0.00227,0.0024,0.00249,0.00354,0.61
H202,MS,TUCSON,2026,36,85402F4S,SE FWD,1250,0.00227,0.00227,0.00281,0.00295,0.00315,0.00328,0.00337,0.00354,0.62
H202,MS,TUCSON,2026,36,85432A4S,SEL AWD,750,0.00227,0.00227,0.00281,0.00295,0.00315,0.00328,0.00337,0.00354,0.65
H202,MS,TUCSON,2026,36,85432F4S,SEL FWD,500,0.00213,0.00213,0.00231,0.00245,0.00265,0.00278,0.00287,0.00354,0.65
H202,MS,TUCSON,2026,36,85442A4S,XRT AWD,1250,0.00227,0.00227,0.00281,0.00295,0.00315,0.00328,0.00337,0.00354,0.63
H202,MS,TUCSON,2026,36,85442F4S,XRT FWD,750,0.00218,0.00218,0.00236,0.0025,0.0027,0.00283,0.00292,0.00354,0.64
H202,MS,TUCSON,2026,36,85462A4S,SEL Premium AWD,750,0.00225,0.00225,0.00243,0.00257,0.00277,0.0029,0.00299,0.00354,0.66
H202,MS,TUCSON,2026,36,85462F4S,SEL Premium FWD,500,0.00228,0.00228,0.00246,0.0026,0.0028,0.00293,0.00302,0.00354,0.67
H202,MS,TUCSON,2026,36,85472A4S,Limited AWD,1000,0.00227,0.00227,0.00281,0.00295,0.00315,0.00328,0.00337,0.00354,0.65
H202,MS,TUCSON,2026,36,85472F4S,Limited FWD,1000,0.00212,0.00212,0.0023,0.00244,0.00264,0.00277,0.00286,0.00354,0.64
H202,MS,TUCSON,2026,39,85402A4S,SE AWD,0,0.0021,0.0021,0.00228,0.00242,0.00262,0.00275,0.00284,0.00354,0.61
H202,MS,TUCSON,2026,39,85402F4S,SE FWD,500,0.00226,0.00226,0.00244,0.00258,0.00278,0.00291,0.003,0.00354,0.6
H202,MS,TUCSON,2026,39,85432A4S,SEL AWD,0,0.00216,0.00216,0.00234,0.00248,0.00268,0.00281,0.0029,0.00354,0.6
H202,MS,TUCSON,2026,39,85432F4S,SEL FWD,1000,0.00225,0.00225,0.00243,0.00257,0.00277,0.0029,0.00299,0.00354,0.58
H202,MS,TUCSON,2026,39,85442A4S,XRT AWD,250,0.00182,0.00182,0.002,0.00214,0.00234,0.00247,0.00256,0.00354,0.59
H202,MS,TUCSON,2026,39,85442F4S,XRT FWD,500,0.00228,0.00228,0.00246,0.0026,0.0028,0.00293,0.00302,0.00354,0.61
H202,MS,TUCSON,2026,39,85462A4S,SEL Premium AWD,750,0.00226,0.00226,0.00244,0.00258,0.00278,0.00291,0.003,0.00354,0.63
H202,MS,TUCSON,2026,39,85462F4S,SEL Premium FWD,750,0.00227,0.00227,0.00281,0.00295,0.00315,0.00328,0.00337,0.00354,0.63
H202,MS,TUCSON,2026,39,85472A4S,Limited AWD,1000,0.00227,0.00227,0.00281,0.00295,0.00315,0.00328,0.00337,0.00354,0.61
H202,MS,TUCSON,2026,39,85472F4S,Limited FWD,1250,0.00225,0.00225,0.00243,0.00257,0.00277,0.0029,0.00299,0.00354,0.6
H202,MS,TUCSON,2026,48,85402A4S,SE AWD,500,0.00273,0.00273,0.00293,0.0031,0.00335,0.00348,0.0036,0.00413,0.53
H202,MS,TUCSON,2026,48,85402F4S,SE FWD,0,0.00262,0.00262,0.00282,0.00299,0.00324,0.00337,0.00349,0.00413,0.54
H202,MS,TUCSON,2026,48,85432A4S,SEL AWD,0,0.00262,0.00262,0.00282,0.00299,0.00324,0.00337,0.00349,0.00413,0.54
H202,MS,TUCSON,2026,48,85432F4S,SEL FWD,1000,0.00269,0.00269,0.00289,0.00306,0.00331,0.00344,0.00356,0.00413,0.52
H202,MS,TUCSON,2026,48,85442A4S,XRT AWD,500,0.00271,0.00271,0.00291,0.00308,0.00333,0.00346,0.00358,0.00413,0.54
H202,MS,TUCSON,2026,48,85442F4S,XRT FWD,750,0.00272,0.00272,0.00326,0.00343,0.00368,0.00381,0.00393,0.00413,0.53
H202,MS,TUCSON,2026,48,85462A4S,SEL Premium AWD,1000,0.00266,0.00266,0.00286,0.00303,0.00328,0.00341,0.00353,0.00413,0.54
H202,MS,TUCSON,2026,48,85462F4S,SEL Premium FWD,250,0.00271,0.00271,0.00291,0.00308,0.00333,0.00346,0.00358,0.00413,0.57
H202,MS,TUCSON,2026,48,85472A4S,Limited AWD,500,0.00262,0.00262,0.00282,0.00299,0.00324,0.00337,0.00349,0.00413,0.55
H202,MS,TUCSON,2026,48,85472F4S,Limited FWD,750,0.00269,0.00269,0.00289,0.00306,0.00331,0.00344,0.00356,0.00413,0.56
H202,MS,TUCSON,2025,24,85402A4S,4dr Wgn SE,2250,0.00192,0.00192,0.00206,0.0022,0.00232,0.00249,0.00276,0.00362,0.6
H202,MS,TUCSON,2025,24,85402F4S,4dr Wgn SE,3250,0.00201,0.00201,0.00215,0.00229,0.00241,0.00258,0.00285,0.00362,0.55
H202,MS,TUCSON,2025,24,85432A4S,4dr Wgn SEL,2250,0.00203,0.00203,0.00244,0.00258,0.0027,0.00287,0.00314,0.00362,0.61
H202,MS,TUCSON,2025,24,85432F4S,4dr Wgn SEL,2500,0.002,0.002,0.00214,0.00228,0.0024,0.00257,0.00284,0.00362,0.6
H202,MS,TUCSON,2025,24,85442A4S,4dr Wgn XRT,0,0.00017,0.00017,0.00031,0.00045,0.00057,0.00074,0.00101,0.00362,0.62
H202,MS,TUCSON,2025,24,85442F4S,4dr Wgn XRT,0,0.00026,0.00026,0.0004,0.00054,0.00066,0.00083,0.0011,0.00362,0.62
H202,MS,TUCSON,2025,24,85462A4S,4dr Wgn SEL Convenience,2250,0.00203,0.00203,0.00244,0.00258,0.0027,0.00287,0.00314,0.00362,0.61
H202,MS,TUCSON,2025,24,85462F4S,4dr Wgn SEL Convenience,2000,0.00199,0.00199,0.00213,0.00227,0.00239,0.00256,0.00283,0.00362,0.63
H202,MS,TUCSON,2025,24,85472A4S,4dr Wgn Limited,0,0.00025,0.00025,0.00039,0.00053,0.00065,0.00082,0.00109,0.00362,0.62
H202,MS,TUCSON,2025,24,85472F4S,4dr Wgn Limited,3000,0.00203,0.00203,0.00244,0.00258,0.0027,0.00287,0.00314,0.00362,0.61
H202,MS,TUCSON,2025,36,85402A4S,4dr Wgn SE,3250,0.00227,0.00227,0.00281,0.00295,0.00315,0.00328,0.00337,0.00354,0.55
H202,MS,TUCSON,2025,36,85402F4S,4dr Wgn SE,2500,0.00222,0.00222,0.0024,0.00254,0.00274,0.00287,0.00296,0.00354,0.57
H202,MS,TUCSON,2025,36,85432A4S,4dr Wgn SEL,3000,0.00223,0.00223,0.00241,0.00255,0.00275,0.00288,0.00297,0.00354,0.58
H202,MS,TUCSON,2025,36,85432F4S,4dr Wgn SEL,2750,0.00215,0.00215,0.00233,0.00247,0.00267,0.0028,0.00289,0.00354,0.58
H202,MS,TUCSON,2025,36,85442A4S,4dr Wgn XRT,3000,0.00226,0.00226,0.00244,0.00258,0.00278,0.00291,0.003,0.00354,0.58
H202,MS,TUCSON,2025,36,85442F4S,4dr Wgn XRT,3000,0.00218,0.00218,0.00236,0.0025,0.0027,0.00283,0.00292,0.00354,0.57
H202,MS,TUCSON,2025,36,85462A4S,4dr Wgn SEL Convenience,1500,0.00227,0.00227,0.00281,0.00295,0.00315,0.00328,0.00337,0.00354,0.64
H202,MS,TUCSON,2025,36,85462F4S,4dr Wgn SEL Convenience,2750,0.00219,0.00219,0.00237,0.00251,0.00271,0.00284,0.00293,0.00354,0.59
H202,MS,TUCSON,2025,36,85472A4S,4dr Wgn Limited,0,0.00072,0.00072,0.0009,0.00104,0.00124,0.00137,0.00146,0.00354,0.59
H202,MS,TUCSON,2025,36,85472F4S,4dr Wgn Limited,3750,0.00227,0.00227,0.00281,0.00295,0.00315,0.00328,0.00337,0.00354,0.57
H202,MS,TUCSON,2025,39,85402A4S,4dr Wgn SE,2250,0.00224,0.00224,0.00242,0.00256,0.00276,0.00289,0.00298,0.00354,0.55
H202,MS,TUCSON,2025,39,85402F4S,4dr Wgn SE,2500,0.00214,0.00214,0.00232,0.00246,0.00266,0.00279,0.00288,0.00354,0.53
H202,MS,TUCSON,2025,39,85432A4S,4dr Wgn SEL,2250,0.00227,0.00227,0.00281,0.00295,0.00315,0.00328,0.00337,0.00354,0.55
H202,MS,TUCSON,2025,39,85432F4S,4dr Wgn SEL,2750,0.00227,0.00227,0.00281,0.00295,0.00315,0.00328,0.00337,0.00354,0.54
H202,MS,TUCSON,2025,39,85442A4S,4dr Wgn XRT,2750,0.0022,0.0022,0.00238,0.00252,0.00272,0.00285,0.00294,0.00354,0.55
H202,MS,TUCSON,2025,39,85442F4S,4dr Wgn XRT,3000,0.00224,0.00224,0.00242,0.00256,0.00276,0.00289,0.00298,0.00354,0.54
H202,MS,TUCSON,2025,39,85462A4S,4dr Wgn SEL Convenience,3250,0.00226,0.00226,0.00244,0.00258,0.00278,0.00291,0.003,0.00354,0.56
H202,MS,TUCSON,2025,39,85462F4S,4dr Wgn SEL Convenience,3750,0.00227,0.00227,0.00281,0.00295,0.00315,0.00328,0.00337,0.00354,0.54
H202,MS,TUCSON,2025,39,85472A4S,4dr Wgn Limited,3000,0.00221,0.00221,0.00239,0.00253,0.00273,0.00286,0.00295,0.00354,0.56
H202,MS,TUCSON,2025,39,85472F4S,4dr Wgn Limited,3000,0.00226,0.00226,0.00244,0.00258,0.00278,0.00291,0.003,0.00354,0.56
H202,MS,TUCSON,2025,48,85402A4S,4dr Wgn SE,1500,0.00248,0.00248,0.00268,0.00285,0.0031,0.00323,0.00335,0.00413,0.49
H202,MS,TUCSON,2025,48,85402F4S,4dr Wgn SE,2250,0.00269,0.00269,0.00289,0.00306,0.00331,0.00344,0.00356,0.00413,0.47
H202,MS,TUCSON,2025,48,85432A4S,4dr Wgn SEL,2000,0.00272,0.00272,0.00326,0.00343,0.00368,0.00381,0.00393,0.00413,0.5
H202,MS,TUCSON,2025,48,85432F4S,4dr Wgn SEL,2000,0.00267,0.00267,0.00287,0.00304,0.00329,0.00342,0.00354,0.00413,0.51
H202,MS,TUCSON,2025,48,85442A4S,4dr Wgn XRT,2250,0.00271,0.00271,0.00291,0.00308,0.00333,0.00346,0.00358,0.00413,0.5
H202,MS,TUCSON,2025,48,85442F4S,4dr Wgn XRT,2000,0.00263,0.00263,0.00283,0.003,0.00325,0.00338,0.0035,0.00413,0.5
H202,MS,TUCSON,2025,48,85462A4S,4dr Wgn SEL Convenience,2000,0.00266,0.00266,0.00286,0.00303,0.00328,0.00341,0.00353,0.00413,0.52
H202,MS,TUCSON,2025,48,85462F4S,4dr Wgn SEL Convenience,1000,0.00272,0.00272,0.00326,0.00343,0.00368,0.00381,0.00393,0.00413,0.56
H202,MS,TUCSON,2025,48,85472A4S,4dr Wgn Limited,2000,0.00264,0.00264,0.00284,0.00301,0.00326,0.00339,0.00351,0.00413,0.52
H202,MS,TUCSON,2025,48,85472F4S,4dr Wgn Limited,500,0.00162,0.00162,0.00182,0.00199,0.00224,0.00237,0.00249,0.00413,0.5
H202,MS,TUCSON HEV,2026,36,854D2ABS,Hybrid SEL Convenience AWD,0,,,0.00228,0.00228,0.00246,0.0026,0.0028,0.00293,
H202,MS,TUCSON HEV,2026,36,854E2ABS,Hybrid Limited AWD,250,,,0.00217,0.00217,0.00235,0.00249,0.00269,0.00282,
H202,MS,TUCSON HEV,2026,36,854G2ABS,Hybrid Blue SE AWD,250,,,0.00227,0.00227,0.00281,0.00295,0.00315,0.00328,
H202,MS,TUCSON HEV,2026,36,854H2ABS,Hybrid SEL AWD,0,,,0.00216,0.00216,0.00234,0.00248,0.00268,0.00281,
H202,MS,TUCSON HEV,2026,39,854D2ABS,Hybrid SEL Convenience AWD,0,,,0.00219,0.00219,0.00237,0.00251,0.00271,0.00284,
H202,MS,TUCSON HEV,2026,39,854E2ABS,Hybrid Limited AWD,0,,,0.00219,0.00219,0.00237,0.00251,0.00271,0.00284,
H202,MS,TUCSON HEV,2026,39,854G2ABS,Hybrid Blue SE AWD,0,,,0.00224,0.00224,0.00242,0.00256,0.00276,0.00289,
H202,MS,TUCSON HEV,2026,39,854H2ABS,Hybrid SEL AWD,0,,,0.00224,0.00224,0.00242,0.00256,0.00276,0.00289,
H202,MS,TUCSON HEV,2026,48,854D2ABS,Hybrid SEL Convenience AWD,0,,,0.00263,0.00263,0.00283,0.003,0.00325,0.00338,
H202,MS,TUCSON HEV,2026,48,854E2ABS,Hybrid Limited AWD,250,,,0.00271,0.00271,0.00291,0.00308,0.00333,0.00346,
H202,MS,TUCSON HEV,2026,48,854G2ABS,Hybrid Blue SE AWD,0,,,0.00266,0.00266,0.00286,0.00303,0.00328,0.00341,
H202,MS,TUCSON HEV,2026,48,854H2ABS,Hybrid SEL AWD,0,,,0.00264,0.00264,0.00284,0.00301,0.00326,0.00339,
H202,MS,TUCSON HEV,2025,36,854C2ABS,4dr Wgn Blue,4000,,,0.00222,0.00222,0.0024,0.00254,0.00274,0.00287,
H202,MS,TUCSON HEV,2025,36,854D2ABS,4dr Wgn SEL Convenience Hybrid,4250,,,0.00227,0.00227,0.00281,0.00295,0.00315,0.00328,
H202,MS,TUCSON HEV,2025,36,854E2ABS,4dr Wgn Limited,4000,,,0.00225,0.00225,0.00243,0.00257,0.00277,0.0029,
H202,MS,TUCSON HEV,2025,36,854F2ABS,4dr Wgn N Line Hybrid,3750,,,0.00224,0.00224,0.00242,0.00256,0.00276,0.00289,
H202,MS,TUCSON HEV,2025,39,854C2ABS,4dr Wgn Blue,3750,,,0.00226,0.00226,0.00244,0.00258,0.00278,0.00291,
H202,MS,TUCSON HEV,2025,39,854D2ABS,4dr Wgn SEL Convenience Hybrid,3500,,,0.0022,0.0022,0.00238,0.00252,0.00272,0.00285,
H202,MS,TUCSON HEV,2025,39,854E2ABS,4dr Wgn Limited,4000,,,0.00223,0.00223,0.00241,0.00255,0.00275,0.00288,
H202,MS,TUCSON HEV,2025,39,854F2ABS,4dr Wgn N Line Hybrid,0,,,0.00061,0.00061,0.00079,0.00093,0.00113,0.00126,
H202,MS,TUCSON HEV,2025,48,854C2ABS,4dr Wgn Blue,2500,,,0.00226,0.00226,0.00246,0.00263,0.00288,0.00301,
H202,MS,TUCSON HEV,2025,48,854D2ABS,4dr Wgn SEL Convenience Hybrid,3000,,,0.00271,0.00271,0.00291,0.00308,0.00333,0.00346,
H202,MS,TUCSON HEV,2025,48,854E2ABS,4dr Wgn Limited,3250,,,0.0027,0.0027,0.0029,0.00307,0.00332,0.00345,
H202,MS,TUCSON HEV,2025,48,854F2ABS,4dr Wgn N Line Hybrid,1750,,,0.0017,0.0017,0.0019,0.00207,0.00232,0.00245,
H202,MS,TUCSON PHEV,2026,36,854J2APT,Plug-in Hybrid SEL AWD,0,,,0.00114,0.00114,0.00132,0.00146,0.00166,0.00179,
H202,MS,TUCSON PHEV,2026,36,854K2APT,Plug-in Hybrid Limited AWD,2000,,,0.0017,0.0017,0.00188,0.00202,0.00222,0.00235,
H202,MS,TUCSON PHEV,2026,39,854J2APT,Plug-in Hybrid SEL AWD,0,,,0.00137,0.00137,0.00155,0.00169,0.00189,0.00202,
H202,MS,TUCSON PHEV,2026,39,854K2APT,Plug-in Hybrid Limited AWD,500,,,0.00196,0.00196,0.00214,0.00228,0.00248,0.00261,
H202,MS,TUCSON PHEV,2026,48,854J2APT,Plug-in Hybrid SEL AWD,1500,,,0.00271,0.00271,0.00291,0.00308,0.00333,0.00346,
H202,MS,TUCSON PHEV,2026,48,854K2APT,Plug-in Hybrid Limited AWD,1500,,,0.00272,0.00272,0.00326,0.00343,0.00368,0.00381,
H202,MS,TUCSON PHEV,2025,36,854J2APT,4dr Wgn SEL,4750,,,0.00227,0.00227,0.00281,0.00295,0.00315,0.00328,
H202,MS,TUCSON PHEV,2025,36,854K2APT,4dr Wgn Limited,4500,,,0.00224,0.00224,0.00242,0.00256,0.00276,0.00289,
H202,MS,TUCSON PHEV,2025,39,854J2APT,4dr Wgn SEL,0,,,0.00083,0.00083,0.00101,0.00115,0.00135,0.00148,
H202,MS,TUCSON PHEV,2025,39,854K2APT,4dr Wgn Limited,0,,,0.00122,0.00122,0.0014,0.00154,0.00174,0.00187,
H202,MS,TUCSON PHEV,2025,48,854J2APT,4dr Wgn SEL,1000,,,0.00266,0.00266,0.00286,0.00303,0.00328,0.00341,
H202,MS,TUCSON PHEV,2025,48,854K2APT,4dr Wgn Limited,1000,,,0.00271,0.00271,0.00291,0.00308,0.00333,0.00346,
H202,MS,VENUE,2026,36,30402F45,SE,0,,,0.00213,0.00213,0.00231,0.00245,0.00265,0.00278,
H202,MS,VENUE,2026,36,30422F45,SEL,250,,,0.00209,0.00209,0.00227,0.00241,0.00261,0.00274,
H202,MS,VENUE,2026,36,30452F45,SEL w/ 2-Tone Roof,0,,,0.00262,0.00262,0.0028,0.00294,0.00314,0.00327,
H202,MS,VENUE,2026,39,30402F45,SE,0,,,0.00265,0.00265,0.00283,0.00297,0.00317,0.0033,
H202,MS,VENUE,2026,39,30422F45,SEL,0,,,0.00277,0.00277,0.00295,0.00309,0.00329,0.00342,
H202,MS,VENUE,2026,39,30452F45,SEL w/ 2-Tone Roof,0,,,0.00336,0.00336,0.00354,0.00368,0.00388,0.00401,
H202,MS,VENUE,2026,48,30402F45,SE,0,,,0.00258,0.00258,0.00278,0.00295,0.0032,0.00333,
H202,MS,VENUE,2026,48,30422F45,SEL,0,,,0.00279,0.00279,0.00299,0.00316,0.00341,0.00354,
H202,MS,VENUE,2026,48,30452F45,SEL w/ 2-Tone Roof,0,,,0.00385,0.00385,0.00405,0.00422,0.00447,0.0046,
H202,MS,VENUE,2025,36,30402F45,4dr Wgn SE AT,500,,,0.00217,0.00217,0.00235,0.00249,0.00269,0.00282,
H202,MS,VENUE,2025,36,30422F45,4dr Wgn SEL AT,0,,,0.00208,0.00208,0.00226,0.0024,0.0026,0.00273,
H202,MS,VENUE,2025,36,30442F45,4dr Wgn Limited,500,,,0.00208,0.00208,0.00226,0.0024,0.0026,0.00273,
H202,MS,VENUE,2025,39,30402F45,4dr Wgn SE AT,0,,,0.00224,0.00224,0.00242,0.00256,0.00276,0.00289,
H202,MS,VENUE,2025,39,30422F45,4dr Wgn SEL AT,250,,,0.00226,0.00226,0.00244,0.00258,0.00278,0.00291,
H202,MS,VENUE,2025,39,30442F45,4dr Wgn Limited,0,,,0.00217,0.00217,0.00235,0.00249,0.00269,0.00282,
H202,MS,VENUE,2025,48,30402F45,4dr Wgn SE AT,0,,,0.0027,0.0027,0.0029,0.00307,0.00332,0.00345,
H202,MS,VENUE,2025,48,30422F45,4dr Wgn SEL AT,0,,,0.00263,0.00263,0.00283,0.003,0.00325,0.00338,
H202,MS,VENUE,2025,48,30442F45,4dr Wgn Limited,0,,,0.00269,0.00269,0.00289,0.00306,0.00331,0.00344,
